0,1,2,3,4,5,6,7,8,9,10,11,12,13,14,15,16,17,18,19,20,21,22,23,24,25,26,27,28,29,30,31,32,33,34,35,36,37,38,39,40,41,42,43,44,45,46,47,48,49,50,51,52,53,54,55,56,57,58,59,60,61,62,63,64,65,66,67,68,69,70,71,72
0.0,2449.304379460706,1221.4483049086725,3854.228007791515,2484.604265509451,4596.53022571356,3701.90956308558,5459.080125996493,6307.055566438048,5211.932324938839,7131.036813870817,6296.5301861099915,8121.267240923908,7553.758366031544,8893.140829984693,8629.275674897506,9179.478524573145,9744.21056523176,10095.595080065961,11695.633866456388,10633.024759237816,10449.015105602917,10589.238299713463,11052.509660626754,9070.839392324666,9730.975427958887,7790.44622311192,6502.827364528243,10570.570029019054,11396.706709001437,4740.579489777757,9012.199131690153,6372.339153241174,3051.640051975322,12610.395216515317,4067.725008793947,8199.443915526905,13643.28586562998,10147.01715699741,14612.678072379025,12197.373506622018,6853.038971432765,9182.499555634895,15633.368954878137,12033.698017408433,16507.28180840887,9182.991163690453,14318.09925676402,17501.437819296636,8200.46297097001,12051.66815577166,9012.133983260293,18432.213789764544,15303.695871699498,19278.88692156143,10566.144761572174,11775.46867532815,13829.425088337337,16163.292926068576,18934.30884856175,12758.45454010239,15925.476522417559,18592.155730276587,13413.932945369073,16123.337304600293,14166.685819472415,18220.58966747637,14199.160966835578,17228.533790557485,16052.806021027944,8511.816014297405,15131.862242079875,26041.392285276695
2449.304379460706,0.0,1891.8854290393447,1406.135739236501,2228.8891408175905,2317.252426485199,3289.2058290441682,3333.542703455036,4381.9140475506965,4781.948231983887,5319.3660825133165,5867.023442220728,6343.737894716452,6907.907177105675,7297.722020229182,8475.024956878673,8398.017833501193,8306.574092156125,10264.315698397022,12161.768649868594,9346.797134317698,9558.854468158435,10148.20592010655,11074.21700570419,11519.969446387742,12175.925868458624,10239.612087792493,8952.0040165802,12995.222308021832,13791.402146277498,7189.69666551961,11435.740806446476,8795.081327814403,5500.880481350685,14958.226884917023,6494.945256438375,10554.61800707859,15951.990674712277,12467.614640014357,16877.905313052575,14453.26468469147,9060.263118387094,11379.373448343242,17843.072760714083,14179.804953247096,18667.662636768346,11252.160473270998,16444.523366658992,19614.103066306205,10114.686225695785,14051.75667009666,10855.737488406767,20498.269147588762,17318.801872419317,21304.951346601723,12357.308843328152,13534.306204692704,15674.892916625133,18058.596045731894,20875.57831753154,14437.87352243206,17704.62372541045,20412.510775992214,14980.177267565712,17789.264023269385,15672.728920230076,19916.50206553387,15573.777905405672,18810.259733983632,17492.72441408474,10955.296890024736,16592.992504720838,23619.12876520457
1221.4483049086725,1891.8854290393447,0.0,3171.3029384907886,1270.6489769476814,3652.2273763327244,2516.7370785763787,4400.697145090412,5163.403856867777,4059.940366665121,5953.227411676333,5161.1728520188635,6931.307153573445,6390.866168038848,7679.743551060396,7584.55503278705,8004.600047025253,8523.063008298635,9161.894417333528,10881.94177296526,9413.922926362015,9263.527124914193,9484.971659627128,10076.027007187919,9923.874427077388,10511.49182000913,8648.688301803404,7369.375021454249,11262.163553262317,12009.211676483985,5627.502249575406,9705.593089963037,7077.530224025598,3966.4509617427934,13131.318211237902,4813.4020709072765,8743.514571382531,14101.3840798346,10628.306361136825,15009.559098366446,12584.123788372697,7186.946108614444,9499.405961622953,15960.725716179137,12290.74686649668,16778.584840308584,9360.331390353189,14553.560148062901,17722.378995202173,8230.938607102169,12162.898785634894,8983.287675096093,18606.965120339424,15429.869695462767,19415.999330166826,10497.525010135758,11683.650864784786,13808.467902995124,16184.913810664055,18995.968298438533,12608.835430281051,15854.283619639356,18554.819701042492,13185.890673320124,15968.736511435876,13899.88090714016,18089.589287615352,13849.090080592568,17016.759575120293,15746.837279243717,9287.92000801731,14837.770196202466,25133.208743195773
3854.228007791515,1406.135739236501,3171.3029384907886,0.0,3065.984561025345,1256.334306807788,3756.1562802808266,2346.72493165955,3514.1413689326537,5012.139180174152,4492.102526952385,5998.708405646029,5495.484628962783,6839.173074400754,6555.510323292761,8630.933408765042,8176.81323773412,7647.075010902466,10548.259073716912,12569.608871061613,8764.141444768065,9231.621920146888,10083.454243436512,11257.003737055751,12925.025695740274,13575.064339757551,11644.614514219551,10356.995810841816,14380.827788898963,15159.65651157908,8594.792372368101,12821.438798351022,10182.171750587464,6905.794462247168,16300.34411688052,7886.620044519559,11906.538122344456,17272.358038323502,13799.231570804357,18174.228322466905,15748.809705129008,10351.000976833817,12654.784725071031,19108.828265473432,15421.27110219226,19906.148141748326,12468.95625641309,17669.970974750984,20825.776613895017,11269.18157628395,15221.777235179601,11971.337952425643,21683.658307218782,18484.91626108541,22467.578961439438,13435.833446736999,14588.76384463194,16760.670521339824,19160.694465504894,21994.0728842345,15447.034186252986,18747.95003870824,21468.27957751271,15928.79406394797,18773.626822929727,16586.089747252383,20908.217806000823,16420.2547073526,19746.22586500429,18360.914808250014,12353.49938264677,17477.43866592385,22221.09051776971
2484.604265509451,2228.8891408175905,1270.6489769476814,3065.984561025345,0.0,3081.725436532401,1271.7416038631,3570.399123869718,4136.725884435786,2837.823169958561,4840.20520140272,3948.4991261314312,5783.248575509883,5146.847012831935,6467.628463014805,6451.276583634813,6749.140069346145,7276.204932124676,8134.792613726438,9969.019393642448,8149.120959939019,8000.754119181004,8285.398412834644,8998.952518484379,10752.696150284568,11261.704688783597,9495.152264272174,8240.035805865531,11915.32207651354,12575.077742764273,6548.114314434651,10376.244003016353,7800.003797048813,4957.826202832841,13593.916307046395,5635.165517777733,9279.023313622789,14491.87123635375,11074.409286432387,15330.408898190139,12913.10889292711,7548.279638298317,9794.7059670466,16203.395044152561,12488.916836043782,16958.23244509926,9515.708557414346,14709.961690460957,17844.62628202019,8257.98497780516,12211.598616165385,8932.486350771174,18676.858922142823,15466.61952837571,19443.130948864917,10379.67809927045,11526.253225265666,13704.210019957067,16108.123150559835,18946.335179522528,12381.104844116378,15682.972807731785,18404.259247082773,12870.710312165382,15709.951998679127,13538.284212796887,17843.97438732595,13400.81670789994,16692.684702600087,15331.991916165132,10045.84584217579,14440.96630935643,24367.535105758983
4596.53022571356,2317.252426485199,3652.2273763327244,1256.334306807788,3081.725436532401,0.0,3329.1048597806093,1092.873199611362,2258.3402596594806,4281.660756950236,3236.644355525704,5151.73058127844,4239.22941894187,5839.604163998565,5303.189782237697,7741.822125183536,7076.76905107981,6403.533482270294,9722.999948612643,11816.609722507284,7532.479367725771,8077.195540417571,9045.702194689473,10356.379441947867,13574.504316154604,14160.998127746076,12298.067810876582,11016.382398057629,14888.802938053856,15597.595407671524,9267.059475746828,13336.393477504476,10718.716937742009,7590.622817633401,16655.018356233068,8465.127336565494,12309.95111726781,17568.059600715682,14137.414642358079,18412.067284190958,15994.265865017682,10622.692697922126,12876.318954431641,19280.831654499347,15562.476747709688,20024.386768709526,12585.986930399438,17772.74669655284,20894.21071425877,11299.242667578997,15245.187198783298,11938.530062654525,21706.145180064363,18487.233555300205,22452.041557330205,13339.902616871295,14452.97540863568,16654.211205113013,19066.5390473963,21914.077722309834,15248.60876890576,18576.610813749427,21303.77689955073,15655.368290754217,18528.83176186179,16269.081679685783,20664.66281900915,16031.78342335007,19441.021742781868,17986.26564013018,12937.705930353774,17124.219108021804,21484.170754966774
3701.90956308558,3289.2058290441682,2516.7370785763787,3756.1562802808266,1271.7416038631,3329.1048597806093,0.0,3418.0799877770837,3611.7603227567442,1568.817261394016,4110.946143401634,2680.563664059766,4952.337895493749,3877.703690706651,5480.238641677854,5220.254726955945,5487.863059138548,6186.198803837822,6975.189319437637,8893.728630642132,6988.229043502512,6749.382908950081,7018.007098944016,7798.0671541675965,11387.320594572588,11807.94114986906,10161.909624875629,8948.731478977581,12353.302106231138,12915.97559911686,7337.342116955287,10848.950907131555,8365.633370330681,5854.606290791581,13819.161221516933,6352.152592340073,9629.316033623007,14635.940540312451,11308.1433419819,15397.302953604441,13007.666367245834,7761.3450998725275,9894.314332271993,16185.218788902683,12455.431657903828,16872.02725419751,9479.759698059377,14614.953867021786,17696.144882544733,8119.551160299004,12031.370182836687,8701.30129630094,18472.216547177602,15246.846607776233,19192.789947790076,10056.835929841736,11149.385229277746,13358.363342031394,15772.329366197906,18622.672753021605,11926.144934550239,15257.586060604392,17984.82705372078,12326.35231156707,15199.970306123238,12944.02512176999,17335.702937167713,12725.10309522748,16115.170748501918,14675.856966657955,10613.210675292978,13807.055602524846,23971.314771931156
5459.080125996493,3333.542703455036,4400.697145090412,2346.72493165955,3570.399123869718,1092.873199611362,3418.0799877770837,0.0,1182.804533850968,3970.805321109186,2158.993442261911,4663.105326902958,3150.9921040585637,5143.325053766725,4232.767311328642,7144.800701794005,6232.6915649936145,5350.938105288121,9172.907854931467,11324.712304140961,6498.914192218332,7153.99464871472,8262.773165382629,9719.489967970489,14283.419935769707,14820.189320958716,13015.772562451166,11745.50176887303,15485.714901001755,16137.274301515883,10017.753141473288,13945.828156104824,11360.63165486652,8366.380489392941,17124.651770865617,9158.038353760809,12839.880411585937,17986.8367766499,14605.323669474506,18780.705114628443,16378.533189432512,11063.24229497384,13258.408660817318,19592.220491026692,15863.053865334834,20288.525896249135,12884.673296584577,18031.59895298386,21113.77269000174,11536.387220158696,15448.521455689697,12116.587323960921,21884.37272067027,18658.26040365813,22595.747646675092,13452.596337070325,14523.630316160103,16738.874460997115,19152.268675478692,22003.457052648017,15259.500415210778,18596.50714192997,21320.91990322352,15597.125873314119,18483.722506776034,16168.446012325732,20613.59304848666,15867.009939100852,19338.48758584658,17825.820074272575,13601.239880437479,16986.817890790888,20800.81591972292
6307.055566438048,4381.9140475506965,5163.403856867777,3514.1413689326537,4136.725884435786,2258.3402596594806,3611.7603227567442,1182.804533850968,0.0,3668.4871849288184,978.523068463056,4103.529957730825,1986.7105460399316,4317.776098670242,3050.2785442574946,6385.49714569156,5222.165869475495,4170.134309877715,8436.150398416481,10629.270761737416,5324.848827753279,6059.9403442737075,7294.986701733222,8887.523809028591,14874.82373753747,15350.952359122188,13623.771352207015,12374.27251893314,15941.329372482156,16524.329244618744,10684.070743893843,14423.468331991811,11892.15126536853,9077.060471677536,17427.83112305644,9767.251099386523,13234.048649300437,18229.153793523375,14918.706657806866,18963.772845531214,16589.024309361423,11372.600060714105,13484.639192773986,19708.590843575574,15983.14534792541,20350.234946197073,13021.72167284233,18095.64900146872,21123.805317250662,11618.019876795539,15463.980990703689,12128.315598304054,21846.880555319847,18623.501274806542,22518.686867582677,13382.29176048353,14400.442984214362,16618.58942090776,19023.040218326005,21869.11174966586,15067.475915113731,18398.508266638437,21110.861615886934,15329.21474026481,18216.714278340587,15852.491192993411,20332.96581242432,15484.715853504758,19007.5239116875,17439.430861854053,14143.07112837864,16628.16318022022,20360.557544343254
5211.932324938839,4781.948231983887,4059.940366665121,5012.139180174152,2837.823169958561,4281.660756950236,1568.817261394016,3970.805321109186,3668.4871849288184,0.0,3785.6419154312503,1111.8076026874387,4373.6739830601,2343.104725120243,4584.8297678450335,3693.4567649264754,3976.825570332096,5063.690961973189,5542.242173346527,7565.296432562466,5704.583606666076,5261.562218936727,5449.192576081988,6301.55927178309,12195.733148966767,12509.351945364777,11023.070541613783,9875.658284170402,12921.5744176895,13362.520013594376,8381.634173083688,11478.544888541424,9147.242228788033,7041.7985925482135,14116.585335501166,7348.3395852686135,10139.183314650541,14826.237875776103,11649.609367160314,15485.840867629615,13156.33671398123,8161.812089086082,10101.832738052368,16162.027899920264,12454.554497460267,16759.049009940816,9531.801125388276,14511.42637784017,17499.689957717826,8083.627748938756,11854.078413052028,8529.947066235613,18200.605424532932,14981.337198201143,18859.76714348568,9734.104220186144,10736.201286588184,12953.605343375302,15356.147331199818,18201.34737418063,11399.895918886888,14732.28981263074,17447.05595823198,11678.519030482108,14567.254208463883,12223.916106829185,16689.710437206122,11900.706535721512,15389.150318275451,13859.420928147369,11355.159041882,13026.756907723784,23704.170390644278
7131.036813870817,5319.3660825133165,5953.227411676333,4492.102526952385,4840.20520140272,3236.644355525704,4110.946143401634,2158.993442261911,978.523068463056,3785.6419154312503,0.0,3950.4928361438115,1024.4019842138691,3864.3113524374508,2074.904591025937,5946.858293449459,4515.153389897166,3207.754588985899,7990.3914653035645,10204.574902711247,4377.1920799689315,5232.710487075835,6613.508819013967,8339.737974411395,15487.936602384856,15918.858730546272,14252.750985274839,13022.521663272228,16452.176753502892,16982.05856481652,11365.702397947856,14955.71471882907,12474.21933903143,9797.10000963955,17818.89964421805,10415.51480526206,13709.7051840664,18570.752967838827,15326.254285804758,19256.859400788562,16910.92721592991,11795.587046928342,13831.896047586173,19946.735120293302,16236.056986633792,20542.851643422386,13302.061362098446,18296.391602874137,21272.660865365968,11863.807741864211,15635.098772533058,12314.603084551227,21955.228663931288,18742.34823237685,22592.99778658218,13493.824198465769,14462.717835562064,16673.578521941134,19062.60600082986,21897.22727719392,15068.846792723574,18382.26135466382,21077.122560385847,15264.873232485676,18142.41833318945,15744.568164346969,20241.1049840905,15320.54043832674,18875.899791025546,17264.393578841144,14722.998177900245,16480.16828573845,19956.23692470007
6296.5301861099915,5867.023442220728,5161.1728520188635,5998.708405646029,3948.4991261314312,5151.73058127844,2680.563664059766,4663.105326902958,4103.529957730825,1111.8076026874387,3950.4928361438115,0.0,4291.306388716532,1313.2143232061828,4211.76257598867,2635.7261858715533,2949.438573827262,4448.733611522479,4572.642573167386,6677.358385129802,4907.870014614601,4249.538855227297,4337.47886621153,5260.567963207501,12842.055781876825,13085.093513148708,11710.973700080467,10613.32659555463,13407.710833715339,13764.775236709573,9202.5110570049,12016.131622499857,9804.153047042266,7955.433078889259,14412.784578585275,8154.105401997354,10613.269387736167,15044.107016866203,11996.158167807542,15628.80318333355,13357.744362915133,8595.37207621463,10376.241438929723,16222.42649527677,12557.927048549174,16752.387365904975,9708.128686318296,14525.232234580128,17429.50591546393,8225.988799879193,11837.965898875633,8566.665524526317,18073.005229515642,14875.470871850892,18684.873325755765,9639.110826086653,10560.167895219998,12760.966987154594,15137.834817959822,17964.815175746506,11131.257470555804,14436.995879544504,17128.063817950682,11314.38843950465,14192.389057432023,11799.20031768844,16293.514324127627,11397.458335890236,14938.961481747918,13348.547911125237,11965.599405117626,12549.292367697151,23591.494439113325
8121.267240923908,6343.737894716452,6931.307153573445,5495.484628962783,5783.248575509883,4239.22941894187,4952.337895493749,3150.9921040585637,1986.7105460399316,4373.6739830601,1024.4019842138691,4291.306388716532,0.0,3879.6349293196135,1168.0332908315347,5894.136547859082,4142.500160865028,2336.069961654445,7887.681391545446,10100.908154705268,3533.4734068101775,4635.499314548899,6222.973897336904,8104.873043918681,16335.865568465584,16732.916863594342,15113.993072551199,13899.345408075924,17221.704020216956,17708.43628390267,12268.048378478326,15744.677378735694,13305.869839176765,10726.85845060567,18488.752374451135,11298.473333340893,14457.986137805878,19197.03684029541,16015.471973618787,19839.472296784046,17523.883179004108,12508.858977320573,14475.461200018743,20478.880058043258,16790.318721590284,21032.22078570243,13890.507557580322,18798.11893148621,21719.868773394785,12428.937318705934,16117.29088071727,12824.62659078504,22362.777917310585,19166.75746908119,22966.660175431665,13929.368297707359,14847.279066454965,17042.850271365936,19410.01668265685,22227.11201932956,15391.763659354488,18676.484630695213,21347.201937083584,15521.521413602926,18378.925609422615,15954.892560239681,20454.090300441625,15474.16263680696,19051.352007434863,17399.27374977288,15548.114489752748,16646.186529654628,19346.371950250374
7553.758366031544,6907.907177105675,6390.866168038848,6839.173074400754,5146.847012831935,5839.604163998565,3877.703690706651,5143.325053766725,4317.776098670242,2343.104725120243,3864.3113524374508,1313.2143232061828,3879.6349293196135,0.0,3460.7949745457604,2084.7465741273686,1641.1018618714656,3410.4655336917976,4134.206754009306,6343.778109633045,3687.223240153864,2938.24499980028,3253.9395620864034,4582.556096391703,14064.799771083372,14270.19600089117,12955.366349704313,11880.209109314117,14538.722869397787,14839.210686064695,10498.09097091936,13182.489961498948,11039.156206522237,9267.648819113801,15407.537132117957,9447.20788722407,11747.151062834078,15974.298575802753,13038.65512317991,16493.40891129146,14282.015612627336,9716.233556140352,11375.692040016062,17010.639879842056,13403.739780867614,17475.078253335345,10637.257357682363,15278.019923084894,18086.71156759061,9144.40190325244,12580.230282993465,9391.85340177,18668.650996559314,15508.770887092809,19227.890483107058,10327.75762375502,11155.654285602335,13317.819792460949,15650.465327205966,18443.05877733363,11620.19293319666,14867.443162308193,17515.58195807125,11690.838643903859,14530.452846962471,12096.36884019661,16592.35205173641,11597.855689874812,15178.096720193844,13520.114730803212,13172.111644786693,12771.84109594439,22874.26603432287
8893.140829984693,7297.722020229182,7679.743551060396,6555.510323292761,6467.628463014805,5303.189782237697,5480.238641677854,4232.767311328642,3050.2785442574946,4584.8297678450335,2074.904591025937,4211.76257598867,1168.0332908315347,3460.7949745457604,0.0,5297.0762751893635,3291.3666665018304,1168.0366708278202,7195.54413672651,9381.136933552563,2365.8475847161817,3575.028847146996,5296.570924685031,7286.134339334603,16754.69640174971,17090.377225111577,15561.710003114229,14381.352421535923,17502.991477116444,17919.65893719617,12807.705129903068,16063.352805404971,13708.296151873925,11332.085556951772,18612.25877623327,11805.761637646723,14716.793602266473,19255.573594632213,16176.888617728273,19835.38410990455,17569.491985151548,12725.348963022516,14578.06135146812,20405.260586775516,16758.85317928586,20901.56544983717,13919.866533261624,18690.149634040656,21534.237327813342,12436.91985000306,15995.052270487942,12757.356858964484,22126.854917212087,18960.410328316237,22688.675300691015,13760.622667126347,14611.108723161615,16777.90121128029,19110.678320943083,21899.587127399143,15080.106594392804,18318.27761754737,20953.93549533528,15133.913804650423,17957.296429396763,15514.22757184514,20000.482958704804,14975.011590598775,18561.65823863103,16872.561939007777,15929.082251343509,16155.020669135456,19431.33695443488
8629.275674897506,8475.024956878673,7584.55503278705,8630.933408765042,6451.276583634813,7741.822125183536,5220.254726955945,7144.800701794005,6385.49714569156,3693.4567649264754,5946.858293449459,2635.7261858715533,5894.136547859082,2084.7465741273686,5297.0762751893635,0.0,2274.2219111557465,4909.7688170258225,2051.7785471176153,4259.04455268137,4707.518430926313,3199.470147676283,2142.2715869624826,2626.070392889877,13812.68305088271,13872.137275670424,12815.264540979857,11874.258428452338,13964.13151610969,14106.245486099238,10717.861612070894,12737.115767890873,10891.983716511339,9748.751362685152,14480.676182485158,9670.563600024232,11227.188080530552,14908.937837525511,12253.011919257071,15302.307131604028,13224.654083047742,9209.796950207907,10522.897091841292,15688.984127897833,12215.060226026331,16052.430159909853,9654.661777806177,13917.52504943252,16571.384360024684,8184.187183054049,11236.50943686447,8251.348014474093,17074.01657685591,13981.097925891523,17570.78710515067,8945.946502250845,9631.291560398466,11717.38536585077,13980.45545264561,16721.91663551979,9962.863729790886,13119.234693671831,15713.769026331463,9918.645317138684,12701.557484966213,10251.08285942228,14722.117173730554,9683.72996643467,13270.495911395785,11575.676457540734,12868.465965010866,10865.139673126088,24487.05755462543
9179.478524573145,8398.017833501193,8004.600047025253,8176.81323773412,6749.140069346145,7076.76905107981,5487.863059138548,6232.6915649936145,5222.165869475495,3976.825570332096,4515.153389897166,2949.438573827262,4142.500160865028,1641.1018618714656,3291.3666665018304,2274.2219111557465,0.0,2689.703049656151,3956.0590184749744,6108.40948166982,2449.3399798847217,1301.8921870584873,2100.3145696761253,3995.9002337385114,15544.653463021657,15699.864379753151,14466.769670481957,13424.885397905433,15898.352167692838,16126.834462612427,12087.980624626347,14591.286830515448,12542.38916296042,10892.708188405984,16594.14201829659,11034.368158653446,13121.351327181232,17078.80442376145,14295.401269964646,17514.76766179996,15388.552699881113,11086.700393164609,12592.045481730212,17935.50012497749,14422.06658063034,18316.918822737636,11778.517015795494,16170.38907853897,18844.58358703238,10291.387477073646,13482.792816633526,10430.615326217605,19347.39585863876,16254.410731907732,19838.54506580506,11196.080810452875,11902.77565987541,13991.346276417169,16248.067839566682,18978.326430089353,12234.341480639814,15371.893538404333,17945.201251439237,12169.34047356841,14925.506501996233,12472.747611875673,16919.79735506867,11864.55264869065,15444.925872750271,13722.640782237355,14632.486834284337,13047.196345601165,22227.57413364889
9744.21056523176,8306.574092156125,8523.063008298635,7647.075010902466,7276.204932124676,6403.533482270294,6186.198803837822,5350.938105288121,4170.134309877715,5063.690961973189,3207.754588985899,4448.733611522479,2336.069961654445,3410.4655336917976,1168.0366708278202,4909.7688170258225,2689.703049656151,0.0,6638.134939931212,8758.525082974256,1199.0126984794526,2608.143986979033,4484.477745646793,6573.824673120404,17242.6215282555,17518.569557256684,16081.966175927491,14939.329521963922,17856.403068903866,18203.528099222953,13427.522800159619,16458.93456109824,14195.681004945392,12020.631272306538,18807.636395460864,12402.63127142023,15061.986374998301,19384.447450653675,16420.014783916075,19899.976397139442,17692.26940097833,13043.243689385557,14772.593760398675,20398.372079671775,16808.696664629315,20835.675046566328,14046.633577633675,18654.8354560948,21410.811321614627,12554.05111119419,15957.602580427669,12796.796076110011,21950.634703380092,18824.412132912075,22468.050074584073,13689.810078298335,14465.684540621865,16591.140219762794,18878.984524172833,21630.258673864413,14854.008377595686,18028.76175035798,20619.421524606063,14828.411304892823,17603.204548921236,15150.994280441584,19606.05927068345,14552.695072861448,18134.084450481114,16412.21100549499,16384.634451357404,15735.392143703006,19585.709980071013
10095.595080065961,10264.315698397022,9161.894417333528,10548.259073716912,8134.792613726438,9722.999948612643,6975.189319437637,9172.907854931467,8436.150398416481,5542.242173346527,7990.3914653035645,4572.642573167386,7887.681391545446,4134.206754009306,7195.54413672651,2051.7785471176153,3956.0590184749744,6638.134939931212,0.0,2217.2961262307094,6170.537667934531,4416.1465828248365,2568.692439729193,1094.2006736358576,14005.529484053683,13917.460709503006,13140.845751315605,12352.556008740901,13825.480477357363,13796.405548910374,11437.28281349367,12760.920425649898,11266.472173303635,10724.964494659896,13951.032531283121,10429.98958834968,11217.791501010153,14215.53823749707,11929.260594211557,14457.655469211495,12571.957782448688,9294.68543469218,10178.486494662697,14684.956771393869,11430.727922267688,14922.402759298071,9195.369190685597,12891.856828768674,15322.48380152466,7824.043338074355,10285.95685647464,7669.180007318582,15722.146634345994,12745.895520313263,16136.620931467214,8020.267782518679,8488.853097543544,10422.311404187452,12560.55973410332,15211.389537412395,8625.535617618127,11603.214578689523,14103.060748472015,8414.649962168542,11076.529955745911,8630.730388758564,13023.195689345026,7962.58850690441,11526.682914204164,9787.461719528961,13032.122492476597,9142.184533117146,26057.336047114793
11695.633866456388,12161.768649868594,10881.94177296526,12569.608871061613,9969.019393642448,11816.609722507284,8893.728630642132,11324.712304140961,10629.270761737416,7565.296432562466,10204.574902711247,6677.358385129802,10100.908154705268,6343.778109633045,9381.136933552563,4259.04455268137,6108.40948166982,8758.525082974256,2217.2961262307094,0.0,8173.577966833809,6374.614417565223,4407.938019662535,2268.4174125607306,14245.811851983563,14002.247531793499,13542.620725956796,12934.177898538941,13713.322832032072,13496.85562597796,12289.457429380416,12853.224413393822,11775.388076716878,11849.43921400974,13402.384598835197,11354.056207461474,11325.044120534003,13475.608632625304,11667.570847630279,13539.967327687398,11918.803543626496,9587.614933905052,9961.551602710688,13579.69491645501,10659.650752316102,13667.696053797803,8897.768560441884,11796.793712049903,13924.836077127455,7728.264740432132,9357.57104874332,7329.7644558732945,14201.33884013523,11405.51316681194,14517.74049054584,7237.131234818799,7401.810762067835,9064.606443722561,11002.454577937862,13514.085638332124,7277.455859226793,9944.827571554879,12301.1227137049,6852.238853311957,9293.069458943688,6904.161619251873,11129.24693665598,6117.072824775103,9594.11335059679,7820.4469344647905,13266.13566482898,7267.899003291318,27986.293256083107
10633.024759237816,9346.797134317698,9413.922926362015,8764.141444768065,8149.120959939019,7532.479367725771,6988.229043502512,6498.914192218332,5324.848827753279,5704.583606666076,4377.1920799689315,4907.870014614601,3533.4734068101775,3687.223240153864,2365.8475847161817,4707.518430926313,2449.3399798847217,1199.0126984794526,6170.537667934531,8173.577966833809,0.0,1803.6139748714095,3778.2972794606876,5924.584291010633,17742.013954430833,17957.148277711254,16618.294697016852,15518.155814067915,18218.552497704906,18494.156017656558,14074.638171436825,16869.37619966784,14708.837724556573,12742.224692655687,19006.206361351487,13033.62826097819,15429.137042929282,19513.11722553069,16677.456007062472,19961.08431292723,17821.620184741936,13396.326266374424,14990.177785435179,20384.45346077998,16867.773819617694,20759.625820187688,14200.479950213878,18618.208105727983,21273.64051219343,12709.889295340643,15931.637088495954,12871.566754000989,21757.340367655186,18683.275590317528,22227.389555252583,13644.197268285825,14337.290028285595,16407.398490679927,18638.452010401183,21341.492538795577,14639.064150341834,17731.424784017912,20265.93793303136,14530.411028129116,17240.12915250916,14790.295459209725,19193.31649237323,14132.959705885563,17691.807233718722,15942.521625286443,16855.290865246207,15311.997910309941,19888.641177346144
10449.015105602917,9558.854468158435,9263.527124914193,9231.621920146888,8000.754119181004,8077.195540417571,6749.382908950081,7153.99464871472,6059.9403442737075,5261.562218936727,5232.710487075835,4249.538855227297,4635.499314548899,2938.24499980028,3575.028847146996,3199.470147676283,1301.8921870584873,2608.143986979033,4416.1465828248365,6374.614417565223,1803.6139748714095,0.0,1974.7025587720473,4121.53367007022,16789.473564305466,16919.085685478818,15727.498217709584,14700.970696913704,17079.791715848387,17267.47575788715,13381.605600316563,15801.06396945088,13801.060015987323,12194.47628625452,17674.599009949427,12327.45088207493,14315.606261515162,18108.11116706181,15422.612561661666,18490.829475013175,16424.112823070627,12284.007891409696,13701.779989345347,18848.268345511682,15407.22487205175,19173.810339970194,12849.130398827789,17068.48776391443,19643.26507097332,11373.55370550812,14400.37929294756,11450.589224758987,20090.149199571828,17055.451038731746,20532.1890019859,12108.083928920645,12732.403232707013,14756.884723804193,16948.449085839446,19622.250816190728,12973.91020166885,16012.642942543958,18518.504583745147,12817.649632132201,15491.97956639856,13046.870605321094,17424.68346223983,12367.238874440187,15914.989612402274,14159.342812514056,15868.54099327307,13543.440818435729,21650.389022652955
10589.238299713463,10148.20592010655,9484.971659627128,10083.454243436512,8285.398412834644,9045.702194689473,7018.007098944016,8262.773165382629,7294.986701733222,5449.192576081988,6613.508819013967,4337.47886621153,6222.973897336904,3253.9395620864034,5296.570924685031,2142.2715869624826,2100.3145696761253,4484.477745646793,2568.692439729193,4407.938019662535,3778.2972794606876,1974.7025587720473,0.0,2147.884453335092,15904.896896340952,15928.584278247847,14930.326608996522,14007.267198854552,15963.294537834703,16039.571079116507,12859.878456144494,14784.811076092978,13010.950792180789,11870.666676656081,16311.464818789576,11812.084570715799,13260.46542280267,16649.2147000567,14174.864088633276,16946.838917200734,14984.7319010466,11261.866168040291,12428.772768709228,17218.438179870784,13892.271060289964,17479.226314857082,11502.844997674896,15427.729871210931,17890.2700361675,10068.733644518174,12797.618852071606,10027.438974247536,18289.05308467249,15312.144875412923,18694.578346438284,10516.023911277905,11038.825402181144,12990.50091237992,15123.11473186498,17754.773851292997,11194.162721614759,14150.538460195487,16615.48372521608,10970.974444554602,13590.941106149245,11156.047001088526,15494.65487894709,10445.669013686867,13974.94204163848,12211.613323269004,14952.385625525056,11616.463426400587,23588.854756405308
11052.509660626754,11074.21700570419,10076.027007187919,11257.003737055751,8998.952518484379,10356.379441947867,7798.0671541675965,9719.489967970489,8887.523809028591,6301.55927178309,8339.737974411395,5260.567963207501,8104.873043918681,4582.556096391703,7286.134339334603,2626.070392889877,3995.9002337385114,6573.824673120404,1094.2006736358576,2268.4174125607306,5924.584291010633,4121.53367007022,2147.884453335092,0.0,15084.97460544439,14982.036443009543,14229.891659349832,13446.532328394547,14864.284406668414,14803.689275581542,12525.912776349564,13824.761301246916,12358.624278220806,11789.705377870945,14906.04837727741,11515.265345974029,12280.692752322162,15122.058047005708,12939.29698013151,15311.744952514375,13497.545093366072,10372.00263378825,11191.28525637813,15475.046596996131,12320.432477432341,15654.341480393974,10189.074148332911,13681.249188208538,15991.95090951854,8847.139763261948,11123.109688680162,8645.594755442651,16331.0490186526,13435.973625322717,16691.88949283183,8888.421482672038,9261.65366489568,11097.072959943396,13143.904651026085,15718.115468832288,9295.610428314052,12127.840573620742,14538.392335972043,8981.274310424327,11520.69401447045,9105.277650566544,13387.418028208473,8355.92176578762,11857.49189394735,10086.73596635851,14110.111071342184,9517.334143441329,25717.890757730824
9070.839392324666,11519.969446387742,9923.874427077388,12925.025695740274,10752.696150284568,13574.504316154604,11387.320594572588,14283.419935769707,14874.82373753747,12195.733148966767,15487.936602384856,12842.055781876825,16335.865568465584,14064.799771083372,16754.69640174971,13812.68305088271,15544.653463021657,17242.6215282555,14005.529484053683,14245.811851983563,17742.013954430833,16789.473564305466,15904.896896340952,15084.97460544439,0.0,1001.3338963079788,1280.4364751284306,2568.036612002118,2246.322050566621,3414.5644271382575,4330.275648135822,1600.2531312573913,3048.4914685407202,6019.231563326404,4978.2255490756015,5125.410753305845,2964.1735681376413,6230.1639740439105,3741.3546939389153,7438.249120735965,5647.8295895622705,4714.046782309815,4758.013951190276,8759.251821435317,6520.272930443118,9879.20822348153,5793.575377898122,8314.037348431708,11077.48881598529,6579.960904487227,7630.9731096482765,7187.35328219209,12203.976689836614,9875.220941340478,13208.24413194652,8123.214390825351,8969.31943376088,9822.162109039,11322.453538025367,13408.06744572762,10027.087986843815,11805.094107797142,13798.952503235456,11063.300224799921,12580.588981061594,11901.059236954205,14153.727247166926,12551.972954810688,13913.160553520454,13660.830330920699,980.5178719908565,12841.746446458252,35057.024961142626
9730.975427958887,12175.925868458624,10511.49182000913,13575.064339757551,11261.704688783597,14160.998127746076,11807.94114986906,14820.189320958716,15350.952359122188,12509.351945364777,15918.858730546272,13085.093513148708,16732.916863594342,14270.19600089117,17090.377225111577,13872.137275670424,15699.864379753151,17518.569557256684,13917.460709503006,14002.247531793499,17957.148277711254,16919.085685478818,15928.584278247847,14982.036443009543,1001.3338963079788,0.0,2058.502791050003,3288.2590854586615,1246.2095621457004,2415.7771234906063,5021.316592107944,1157.6477779131844,3461.9504304365973,6692.297646473651,3979.6237346633548,5700.401072130011,2701.97572138015,5231.415424893963,2955.4566982912543,6440.753013285763,4713.514779173294,4666.793888210081,4227.160900283144,7764.95903425756,5666.93148535593,8888.15968834825,5304.720307534088,7368.754029028499,10088.621592288255,6276.597024930276,6857.193281302968,6787.580083724508,11217.759925094058,8949.18065267673,12224.165154600187,7567.440681717478,8324.404490649538,9018.961556587512,10420.308565939506,12446.258114579623,9348.988334803971,10952.380787085327,12875.700021103687,10392.543926481272,11764.06823088769,11216.437368504769,13276.342209943426,11913.03507418423,13096.467425842873,12927.888359500683,1223.6804278261252,12133.612805305402,35618.89886908337
7790.44622311192,10239.612087792493,8648.688301803404,11644.614514219551,9495.152264272174,12298.067810876582,10161.909624875629,13015.772562451166,13623.771352207015,11023.070541613783,14252.750985274839,11710.973700080467,15113.993072551199,12955.366349704313,15561.710003114229,12815.264540979857,14466.769670481957,16081.966175927491,13140.845751315605,13542.620725956796,16618.294697016852,15727.498217709584,14930.326608996522,14229.891659349832,1280.4364751284306,2058.502791050003,0.0,1287.6197289650697,3177.436096487428,4280.000243408263,3049.922448495677,1912.6379309681317,1927.5584806336149,4738.821732968898,5803.197602143789,3861.094650738852,2647.5379223145123,7038.207099301769,4063.0135646790773,8219.729477109355,6190.105709450891,3958.7679481992386,4613.041389031321,9501.272407535922,6844.953563191776,10589.891912611656,5536.079086878704,8841.812265713248,11767.070108464202,6048.964345347474,7771.112895502535,6762.218011320083,12872.00323681923,10327.397922473681,13859.838137462748,7893.222966019817,8861.0303297742,9984.353379709699,11695.741334643057,13956.727166021941,9957.816457673596,12053.470604190212,14215.980307992157,10969.467322839966,12743.861442768162,11822.27188708851,14445.308333584931,12391.756696864379,14067.851240364773,13653.193168398304,1030.812595884727,12795.648459795122,33781.66687399635
6502.827364528243,8952.0040165802,7369.375021454249,10356.995810841816,8240.035805865531,11016.382398057629,8948.731478977581,11745.50176887303,12374.27251893314,9875.658284170402,13022.521663272228,10613.32659555463,13899.345408075924,11880.209109314117,14381.352421535923,11874.258428452338,13424.885397905433,14939.329521963922,12352.556008740901,12934.177898538941,15518.155814067915,14700.970696913704,14007.267198854552,13446.532328394547,2568.036612002118,3288.2590854586615,1287.6197289650697,0.0,4303.189099842255,5327.061740128044,1762.3399094044207,2846.0888238586626,1198.562317714617,3451.2022633775127,6783.073429950961,2608.382685392871,2929.6004288698623,7982.936538927448,4734.34451864402,9126.861863180378,6941.651473030235,3530.043845066318,4828.398899975585,10361.246058642864,7392.77428655159,11412.782256806628,5579.615087885339,9526.070138470706,12562.04450874529,5767.8654516439465,8125.31733600026,6572.859503908108,13640.193964284223,10924.177334915881,14607.247345380127,7878.031980828764,8947.68895448325,10316.081045361836,12204.855131195582,14609.68972880727,10063.446436085651,12441.336403241396,14745.001765603569,11035.287554628194,13043.11420765737,11892.478826417893,14853.917591445921,12373.042787309463,14347.220278179066,13776.102352339212,2118.1404226834375,12888.142776321502,32500.54515125549
10570.570029019054,12995.222308021832,11262.163553262317,14380.827788898963,11915.32207651354,14888.802938053856,12353.302106231138,15485.714901001755,15941.329372482156,12921.5744176895,16452.176753502892,13407.710833715339,17221.704020216956,14538.722869397787,17502.991477116444,13964.13151610969,15898.352167692838,17856.403068903866,13825.480477357363,13713.322832032072,18218.552497704906,17079.791715848387,15963.294537834703,14864.284406668414,2246.322050566621,1246.2095621457004,3177.436096487428,4303.189099842255,0.0,1170.0078318236501,5956.589439499843,1559.510534961081,4200.237510456574,7578.558952597,2733.6558296658836,6503.360321061126,2794.5168164903453,3985.3258958116103,2158.302074422529,5195.140503770006,3561.9210020344394,4822.556277439172,3757.4504507911547,6521.396021316684,4633.861549899277,7647.176201159947,4837.766673313347,6185.527694684479,8849.406827018962,6028.388375838195,5927.8946378874725,6393.430776112258,9980.840570121512,7787.669427972771,10989.126235090585,6939.682741606011,7559.959473551849,8026.154923808702,9286.772356476935,11235.380431932052,8526.990095739524,9882.821327815172,11710.965733497043,9571.67141960305,10739.820275940347,10371.139589160264,12168.887669148256,11124.400342566292,12067.847435437205,12009.688701194898,2191.755896354106,11251.785686045163,36276.516990184275
11396.706709001437,13791.402146277498,12009.211676483985,15159.65651157908,12575.077742764273,15597.595407671524,12915.97559911686,16137.274301515883,16524.329244618744,13362.520013594376,16982.05856481652,13764.775236709573,17708.43628390267,14839.210686064695,17919.65893719617,14106.245486099238,16126.834462612427,18203.528099222953,13796.405548910374,13496.85562597796,18494.156017656558,17267.47575788715,16039.571079116507,14803.689275581542,3414.5644271382575,2415.7771234906063,4280.000243408263,5327.061740128044,1170.0078318236501,0.0,6900.52863298047,2486.018312086308,5050.0390521110985,8466.379487119195,1563.8611613186633,7341.5263645527575,3297.561322837223,2815.7297439863014,1868.0080386824447,4025.14318132373,2536.2976451701998,5201.213818627513,3619.308024653783,5352.161410618022,3749.6140574284536,6479.70251355132,4622.735929236034,5084.411788552026,7683.189016623066,5980.468227457145,5142.033976166674,6186.404618073073,8816.35930336914,6705.628283835354,9826.07814395219,6471.735454549261,6930.237011565004,7135.111701291833,8230.884683994653,10094.917478320773,7819.918551970118,8894.522692097165,10616.787414699436,8854.273685064818,9796.600281781093,9620.771260668995,11133.281137280555,10427.7312094803,11114.892073272234,11172.476507448546,3262.2392524213587,10456.79262121974,36884.13659427391
4740.579489777757,7189.69666551961,5627.502249575406,8594.792372368101,6548.114314434651,9267.059475746828,7337.342116955287,10017.753141473288,10684.070743893843,8381.634173083688,11365.702397947856,9202.5110570049,12268.048378478326,10498.09097091936,12807.705129903068,10717.861612070894,12087.980624626347,13427.522800159619,11437.28281349367,12289.457429380416,14074.638171436825,13381.605600316563,12859.878456144494,12525.912776349564,4330.275648135822,5021.316592107944,3049.922448495677,1762.3399094044207,5956.589439499843,6900.52863298047,0.0,4428.340861818324,1932.3321785042974,1689.0701316997522,8270.866249342536,1054.8369076002912,4025.390794525759,9418.241150104433,6000.230133785938,10508.419949235542,8200.941846459275,3683.0182230806513,5624.380209650425,11677.666757538716,8421.933473314544,12676.909354753365,6112.59406575511,10658.127240753758,13783.57809076855,5856.542800290699,8908.997211834088,6734.453665074056,14821.539813388388,11933.198671684384,15756.713269450584,8208.982562276195,9373.393441491418,11016.257900614004,13090.956303787947,15645.440822591832,10482.994470565876,13174.807845617672,15627.645003368605,11380.743528573072,13656.518520595218,12227.071795790964,15584.859818911596,12580.484391075954,14918.792628944264,14150.990763345293,3817.675265183245,13235.606342989651,30749.976696502203
9012.199131690153,11435.740806446476,9705.593089963037,12821.438798351022,10376.244003016353,13336.393477504476,10848.950907131555,13945.828156104824,14423.468331991811,11478.544888541424,14955.71471882907,12016.131622499857,15744.677378735694,13182.489961498948,16063.352805404971,12737.115767890873,14591.286830515448,16458.93456109824,12760.920425649898,12853.224413393822,16869.37619966784,15801.06396945088,14784.811076092978,13824.761301246916,1600.2531312573913,1157.6477779131844,1912.6379309681317,2846.0888238586626,1559.510534961081,2486.018312086308,4428.340861818324,0.0,2640.8853815570274,6029.322250846854,3944.209528682162,4944.62489902638,1544.3511891087142,5160.180868919504,2209.6758802799395,6327.085847319478,4282.379449886834,3527.3322564739415,3173.9024583300848,7596.535378616215,5010.848371946535,8679.796212438318,4228.696101783784,6941.605896608361,9855.00318981328,5132.511708743694,6056.2843963852365,5673.090622869289,10959.36650622839,8449.847075416796,11947.590873282079,6538.761931633453,7369.599095804942,8258.155671154193,9850.74765296469,12057.045068033767,8427.039086191306,10274.137763993678,12355.658464005992,9463.049104549893,11020.6223565179,10301.082877304376,12643.937814814033,10953.459613741512,12351.903181111631,12066.348333321099,899.6835573863974,11243.493434376278,34742.705395195124
6372.339153241174,8795.081327814403,7077.530224025598,10182.171750587464,7800.003797048813,10718.716937742009,8365.633370330681,11360.63165486652,11892.15126536853,9147.242228788033,12474.21933903143,9804.153047042266,13305.869839176765,11039.156206522237,13708.296151873925,10891.983716511339,12542.38916296042,14195.681004945392,11266.472173303635,11775.388076716878,14708.837724556573,13801.060015987323,13010.950792180789,12358.624278220806,3048.4914685407202,3461.9504304365973,1927.5584806336149,1198.562317714617,4200.237510456574,5050.0390521110985,1932.3321785042974,2640.8853815570274,0.0,3417.155277296188,6366.344722815987,2304.6766063869563,2099.5113234739374,7496.197925769203,4067.9570959395396,8577.856062504281,6270.825144278661,2332.3490849821396,3822.918305901299,9745.847850565551,6541.804379392993,10749.630508023976,4473.765509405605,8753.496689344305,11863.209388007504,4575.465958608641,7137.081114175207,5391.019990769771,12909.873675568995,10069.329249264378,13853.367537253647,6731.4421587524575,7828.840421341389,9297.672484423401,11280.40707416119,13777.016846637121,8946.377236082508,11442.39649988631,13822.530659504282,9901.464484196847,11996.054638533493,10757.780869977983,13857.792412699937,11212.473280840306,13286.970479078165,12654.572937995075,2251.1306749070754,11758.3005811196,32160.905658311178
3051.640051975322,5500.880481350685,3966.4509617427934,6905.794462247168,4957.826202832841,7590.622817633401,5854.606290791581,8366.380489392941,9077.060471677536,7041.7985925482135,9797.10000963955,7955.433078889259,10726.85845060567,9267.648819113801,11332.085556951772,9748.751362685152,10892.708188405984,12020.631272306538,10724.964494659896,11849.43921400974,12742.224692655687,12194.47628625452,11870.666676656081,11789.705377870945,6019.231563326404,6692.297646473651,4738.821732968898,3451.2022633775127,7578.558952597,8466.379487119195,1689.0701316997522,6029.322250846854,3417.155277296188,0.0,9767.287388632865,1196.8142087090857,5398.14561501752,10866.998269127469,7387.776860730812,11907.935382899488,9537.613069911717,4493.610549590226,6715.221473053952,13017.48649971036,9585.42436179941,13967.52367635403,6982.513242026901,11863.715046868529,15031.639348331146,6378.89829887973,9870.559230196046,7263.289012035107,16029.441375027536,13024.472197151403,16932.050096083683,8816.774868925913,10025.303652951437,11864.888820971826,14066.662778117427,16725.116690261326,11101.57065357509,14019.496095795037,16576.089198417387,11914.608756783218,14390.848050523453,12735.285805679163,16401.540949316135,12966.925272488339,15601.383732056973,14666.346079929637,5478.538297904153,13739.013162353636,29069.29909656523
12610.395216515317,14958.226884917023,13131.318211237902,16300.34411688052,13593.916307046395,16655.018356233068,13819.161221516933,17124.651770865617,17427.83112305644,14116.585335501166,17818.89964421805,14412.784578585275,18488.752374451135,15407.537132117957,18612.25877623327,14480.676182485158,16594.14201829659,18807.636395460864,13951.032531283121,13402.384598835197,19006.206361351487,17674.599009949427,16311.464818789576,14906.04837727741,4978.2255490756015,3979.6237346633548,5803.197602143789,6783.073429950961,2733.6558296658836,1563.8611613186633,8270.866249342536,3944.209528682162,6366.344722815987,9767.287388632865,0.0,8605.71645870523,4410.968984195063,1251.938900937721,2519.878109110929,2461.8153447614623,1569.7318238328273,6063.89524788655,4037.076787397372,3793.016887254421,2940.004288986971,4925.474272791293,4826.0188081282595,3700.5454250190746,6131.543048319201,6304.217650291179,4406.020610061038,6289.117261146203,7268.207545609178,5338.765159779977,8280.567533163568,6185.116694360971,6371.09423505249,6125.363901309089,6899.578147882889,8594.471593428008,7105.9312009179885,7680.27022055735,9201.008741721464,8098.358722228755,8651.260466645503,8797.366686837424,9818.715915955005,9676.367953031899,9941.142898761105,10188.41794056085,4775.263566851831,9549.170281229108,37770.102273815995
4067.725008793947,6494.945256438375,4813.4020709072765,7886.620044519559,5635.165517777733,8465.127336565494,6352.152592340073,9158.038353760809,9767.251099386523,7348.3395852686135,10415.51480526206,8154.105401997354,11298.473333340893,9447.20788722407,11805.761637646723,9670.563600024232,11034.368158653446,12402.63127142023,10429.98958834968,11354.056207461474,13033.62826097819,12327.45088207493,11812.084570715799,11515.265345974029,5125.410753305845,5700.401072130011,3861.094650738852,2608.382685392871,6503.360321061126,7341.5263645527575,1054.8369076002912,4944.62489902638,2304.6766063869563,1196.8142087090857,8605.71645870523,0.0,4217.343619127178,9689.546127502583,6203.0747834202675,10719.946194125894,8343.868490145562,3338.6299949984377,5525.634174969858,11822.624247747717,8392.596716060338,12770.744856315096,5831.810955628074,10669.00089465596,13835.49582046884,5332.310076088423,8707.826268326507,6220.568637985257,14835.605870214833,11842.293720936497,15741.186190275817,7752.516707720996,8949.628584493694,10732.600991027812,12906.204335423738,15546.717903274737,10040.558583976199,12891.22627980668,15423.646250529951,10887.447376360502,13296.134310983018,11720.075384762204,15283.64795071483,12003.696526643003,14525.406399292935,13651.61543948154,4476.756076032509,12727.613718829047,29939.18695927475
8199.443915526905,10554.61800707859,8743.514571382531,11906.538122344456,9279.023313622789,12309.95111726781,9629.316033623007,12839.880411585937,13234.048649300437,10139.183314650541,13709.7051840664,10613.269387736167,14457.986137805878,11747.151062834078,14716.793602266473,11227.188080530552,13121.351327181232,15061.986374998301,11217.791501010153,11325.044120534003,15429.137042929282,14315.606261515162,13260.46542280267,12280.692752322162,2964.1735681376413,2701.97572138015,2647.5379223145123,2929.6004288698623,2794.5168164903453,3297.561322837223,4025.390794525759,1544.3511891087142,2099.5113234739374,5398.14561501752,4410.968984195063,4217.343619127178,0.0,5472.311292263457,1991.6456388154645,6514.029934087329,4176.708191403565,2034.9281470899298,1971.5207674084547,7656.692314649164,4477.640644564878,8651.689706032785,2900.939626539393,6661.534264029479,9763.756663627919,3622.8771617691773,5212.935420913371,4227.8360125941435,10812.751096657003,8011.603784029132,11760.231795898117,5258.7433711044,6213.596380082159,7416.424537464109,9275.575535790607,11709.875433950896,7311.929848019206,9526.166254651023,11816.206725607952,8321.973498211255,10161.490549310773,9175.00805431681,11935.481382962618,9749.139676622883,11476.83753009283,11011.801668878772,2010.557394197019,10150.065559471204,33591.543480885426
13643.28586562998,15951.990674712277,14101.3840798346,17272.358038323502,14491.87123635375,17568.059600715682,14635.940540312451,17986.8367766499,18229.153793523375,14826.237875776103,18570.752967838827,15044.107016866203,19197.03684029541,15974.298575802753,19255.573594632213,14908.937837525511,17078.80442376145,19384.447450653675,14215.53823749707,13475.608632625304,19513.11722553069,18108.11116706181,16649.2147000567,15122.058047005708,6230.1639740439105,5231.415424893963,7038.207099301769,7982.936538927448,3985.3258958116103,2815.7297439863014,9418.241150104433,5160.180868919504,7496.197925769203,10866.998269127469,1251.938900937721,9689.546127502583,5472.311292263457,0.0,3497.2468580343716,1212.7606811994594,1692.7416833970456,6945.542741561428,4744.676251373693,2551.6504491064443,2816.4561763897514,3690.311929753912,5340.175575137737,2749.4268484406875,4898.259197123713,6831.103966740761,4178.606176701615,6657.597633465505,6038.174522435401,4353.4687253202965,7052.7805254641535,6252.733949439808,6195.334702091231,5523.236252551807,5928.392177683986,7418.660045844331,6761.950696880352,6825.438214642229,8116.274316855363,7688.549994543116,7853.606031865578,8310.052658757677,8836.670249868552,9240.05982519853,9100.293878037532,9528.779671373177,6008.16340851736,8970.29303886817,38524.59137924726
10147.01715699741,12467.614640014357,10628.306361136825,13799.231570804357,11074.409286432387,14137.414642358079,11308.1433419819,14605.323669474506,14918.706657806866,11649.609367160314,15326.254285804758,11996.158167807542,16015.471973618787,13038.65512317991,16176.888617728273,12253.011919257071,14295.401269964646,16420.014783916075,11929.260594211557,11667.570847630279,16677.456007062472,15422.612561661666,14174.864088633276,12939.29698013151,3741.3546939389153,2955.4566982912543,4063.0135646790773,4734.34451864402,2158.302074422529,1868.0080386824447,6000.230133785938,2209.6758802799395,4067.9570959395396,7387.776860730812,2519.878109110929,6203.0747834202675,1991.6456388154645,3497.2468580343716,0.0,4522.385658864271,2214.7003575470353,3547.873466207329,1751.3385751495969,5678.75439111498,2801.190878177024,6697.256862125548,2772.712160485963,4803.769734469875,7832.946585912836,4112.622566913045,3904.8316639778873,4341.348719660128,8906.10807826032,6264.677731554485,9873.549305637613,4783.443925047057,5419.407803187865,6083.250929543178,7644.531406060643,9909.578202943108,6414.356586206583,8070.9278925698645,10156.570065882914,7459.670948681931,8839.718528358648,8274.708461798593,10435.224505186628,8997.855991343093,10172.41868469233,9972.564754148554,3097.246682841029,9182.425712404536,35269.35082073584
14612.678072379025,16877.905313052575,15009.559098366446,18174.228322466905,15330.408898190139,18412.067284190958,15397.302953604441,18780.705114628443,18963.772845531214,15485.840867629615,19256.859400788562,15628.80318333355,19839.472296784046,16493.40891129146,19835.38410990455,15302.307131604028,17514.76766179996,19899.976397139442,14457.655469211495,13539.967327687398,19961.08431292723,18490.829475013175,16946.838917200734,15311.744952514375,7438.249120735965,6440.753013285763,8219.729477109355,9126.861863180378,5195.140503770006,4025.14318132373,10508.419949235542,6327.085847319478,8577.856062504281,11907.935382899488,2461.8153447614623,10719.946194125894,6514.029934087329,1212.7606811994594,4522.385658864271,0.0,2425.482016282902,7823.299665241222,5535.792203231057,1343.3160727614334,3094.104119494355,2485.3117483270476,5954.9353336923305,2035.7530902037138,3693.0392261042102,7411.402242266089,4193.057646026137,7103.6695200024815,4834.408432892095,3468.75433607464,5849.959572640428,6437.510111028529,6146.857395186972,5053.276717397626,5017.143486110027,6262.7661789076865,6523.066818420375,6031.220610357728,7052.212104916084,7356.316632159252,7105.009789602181,7884.115325002318,7877.296486138614,8850.412223219251,8289.172484111612,8903.90494344914,7188.91692448241,8437.526432314471,39185.37536287333
12197.373506622018,14453.26468469147,12584.123788372697,15748.809705129008,12913.10889292711,15994.265865017682,13007.666367245834,16378.533189432512,16589.024309361423,13156.33671398123,16910.92721592991,13357.744362915133,17523.883179004108,14282.015612627336,17569.491985151548,13224.654083047742,15388.552699881113,17692.26940097833,12571.957782448688,11918.803543626496,17821.620184741936,16424.112823070627,14984.7319010466,13497.545093366072,5647.8295895622705,4713.514779173294,6190.105709450891,6941.651473030235,3561.9210020344394,2536.2976451701998,8200.941846459275,4282.379449886834,6270.825144278661,9537.613069911717,1569.7318238328273,8343.868490145562,4176.708191403565,1692.7416833970456,2214.7003575470353,2425.482016282902,0.0,5397.839003921307,3121.1221702619855,3482.687642411235,1370.5789524064305,4483.063103549176,3650.5262096516844,2669.351330006603,5620.638870195485,5139.839465351034,2836.962352425207,4974.661633151231,6702.311244068735,4235.882918916449,7679.051479154279,4682.5415228415995,4805.392608593016,4644.467625366757,5724.8553905470335,7779.748381199931,5540.1942294468245,6358.2645626171325,8162.416598040541,6539.616183691441,7267.278502532755,7253.5812851010805,8612.052368661223,8119.250210069319,8581.929315243917,8704.935053977775,5180.744509611971,8032.457985163494,36859.441595551805
6853.038971432765,9060.263118387094,7186.946108614444,10351.000976833817,7548.279638298317,10622.692697922126,7761.3450998725275,11063.24229497384,11372.600060714105,8161.812089086082,11795.587046928342,8595.37207621463,12508.858977320573,9716.233556140352,12725.348963022516,9209.796950207907,11086.700393164609,13043.243689385557,9294.68543469218,9587.614933905052,13396.326266374424,12284.007891409696,11261.866168040291,10372.00263378825,4714.046782309815,4666.793888210081,3958.7679481992386,3530.043845066318,4822.556277439172,5201.213818627513,3683.0182230806513,3527.3322564739415,2332.3490849821396,4493.610549590226,6063.89524788655,3338.6299949984377,2034.9281470899298,6945.542741561428,3547.873466207329,7823.299665241222,5397.839003921307,0.0,2330.0547173290865,8790.972712390996,5187.548895428652,9654.338521680944,2493.2221624766885,7475.462456943695,10659.50578172174,2253.8084087679604,5376.992955696478,3097.5143658132606,11615.108222524272,8551.943692731613,12491.144154989926,4529.957379272923,5690.490571498668,7397.616412943702,9573.308021187278,12241.975054942894,6800.126697563917,9557.477346168602,12086.374753839405,7706.359106159754,9992.340279058217,8556.188488426402,11955.546698675817,8949.974104830564,11243.582437328165,10475.381090854493,3738.122251616011,9563.694962397294,31727.496095513856
9182.499555634895,11379.373448343242,9499.405961622953,12654.784725071031,9794.7059670466,12876.318954431641,9894.314332271993,13258.408660817318,13484.639192773986,10101.832738052368,13831.896047586173,10376.241438929723,14475.461200018743,11375.692040016062,14578.06135146812,10522.897091841292,12592.045481730212,14772.593760398675,10178.486494662697,9961.551602710688,14990.177785435179,13701.779989345347,12428.772768709228,11191.28525637813,4758.013951190276,4227.160900283144,4613.041389031321,4828.398899975585,3757.4504507911547,3619.308024653783,5624.380209650425,3173.9024583300848,3822.918305901299,6715.221473053952,4037.076787397372,5525.634174969858,1971.5207674084547,4744.676251373693,1751.3385751495969,5535.792203231057,3121.1221702619855,2330.0547173290865,0.0,6464.600287286884,2876.290282882372,7325.961011208954,1088.0136387755265,5163.119395802609,8344.074746687675,2362.247714754397,3314.4615109407255,2636.1577513546254,9320.06500125386,6326.22166567441,10216.897604579988,3365.793568781546,4254.4369318424215,5489.496422196906,7470.498254982606,10037.014920981037,5345.591147651929,7624.572016280937,10010.355045996355,6362.482324561105,8216.033455961322,7212.951318856583,10039.663613765963,7813.985771601353,9524.258913072472,9041.176309464416,3878.8910425240447,8182.954772770101,33787.892447439765
15633.368954878137,17843.072760714083,15960.725716179137,19108.828265473432,16203.395044152561,19280.831654499347,16185.218788902683,19592.220491026692,19708.590843575574,16162.027899920264,19946.735120293302,16222.42649527677,20478.880058043258,17010.639879842056,20405.260586775516,15688.984127897833,17935.50012497749,20398.372079671775,14684.956771393869,13579.69491645501,20384.45346077998,18848.268345511682,17218.438179870784,15475.046596996131,8759.251821435317,7764.95903425756,9501.272407535922,10361.246058642864,6521.396021316684,5352.161410618022,11677.666757538716,7596.535378616215,9745.847850565551,13017.48649971036,3793.016887254421,11822.624247747717,7656.692314649164,2551.6504491064443,5678.75439111498,1343.3160727614334,3482.687642411235,8790.972712390996,6464.600287286884,0.0,3729.789573721128,1142.5897282500957,6707.6299554026555,1794.1386195240716,2349.8438992970227,8091.590826845531,4452.940006362661,7656.5622926484475,3491.407142079375,2647.1430384692076,4507.099567884948,6743.2094449662245,6213.638390296654,4686.1940038090215,4060.6559889407013,4959.627874814279,6358.689316579468,5199.8233932227995,5852.8932245610395,7054.170194230646,6303.418448915314,7456.930903734753,6798.919519754987,8443.835699476916,7387.859205789299,8218.402016176475,8471.67434099609,7870.727779251078,39813.39060141699
12033.698017408433,14179.804953247096,12290.74686649668,15421.27110219226,12488.916836043782,15562.476747709688,12455.431657903828,15863.053865334834,15983.14534792541,12454.554497460267,16236.056986633792,12557.927048549174,16790.318721590284,13403.739780867614,16758.85317928586,12215.060226026331,14422.06658063034,16808.696664629315,11430.727922267688,10659.650752316102,16867.773819617694,15407.22487205175,13892.271060289964,12320.432477432341,6520.272930443118,5666.93148535593,6844.953563191776,7392.77428655159,4633.861549899277,3749.6140574284536,8421.933473314544,5010.848371946535,6541.804379392993,9585.42436179941,2940.004288986971,8392.596716060338,4477.640644564878,2816.4561763897514,2801.190878177024,3094.104119494355,1370.5789524064305,5187.548895428652,2876.290282882372,3729.789573721128,0.0,4487.874353951316,2979.6006872875937,2288.451340546383,5472.066642955304,4372.500892411802,1466.4593247882885,4012.0081144595547,6444.878032959641,3533.979884604728,7350.951143130812,3439.0227903814202,3446.698020342339,3397.0929695912205,4850.790404241196,7235.872891286103,4172.065485388675,5287.774743404652,7375.6881457969685,5178.196312286172,6108.8498344962145,5907.820465365609,7636.789916525228,6758.559413011026,7439.013836417457,7422.869590267288,5896.540224993113,6715.434399815911,36135.06674028161
16507.28180840887,18667.662636768346,16778.584840308584,19906.148141748326,16958.23244509926,20024.386768709526,16872.02725419751,20288.525896249135,20350.234946197073,16759.049009940816,20542.851643422386,16752.387365904975,21032.22078570243,17475.078253335345,20901.56544983717,16052.430159909853,18316.918822737636,20835.675046566328,14922.402759298071,13667.696053797803,20759.625820187688,19173.810339970194,17479.226314857082,15654.341480393974,9879.20822348153,8888.15968834825,10589.891912611656,11412.782256806628,7647.176201159947,6479.70251355132,12676.909354753365,8679.796212438318,10749.630508023976,13967.52367635403,4925.474272791293,12770.744856315096,8651.689706032785,3690.311929753912,6697.256862125548,2485.3117483270476,4483.063103549176,9654.338521680944,7325.961011208954,1142.5897282500957,4487.874353951316,0.0,7443.634658674705,2257.1483605496514,1208.0680098821765,8752.487329846557,4914.98160683196,8229.538740508744,2349.104652347348,2310.80224844358,3364.663690338806,7148.003540710788,6444.7427537316335,4614.793279810663,3410.821052077596,3856.705322549229,6390.2559671693225,4637.203242961093,4863.497551039406,6942.6084509523935,5736.054674560464,7221.488016286205,5931.1797506020885,8206.024255039532,6695.674840354388,7724.736853671651,9562.770916016885,7496.279231647966,40331.188226521765
9182.991163690453,11252.160473270998,9360.331390353189,12468.95625641309,9515.708557414346,12585.986930399438,9479.759698059377,12884.673296584577,13021.72167284233,9531.801125388276,13302.061362098446,9708.128686318296,13890.507557580322,10637.257357682363,13919.866533261624,9654.661777806177,11778.517015795494,14046.633577633675,9195.369190685597,8897.768560441884,14200.479950213878,12849.130398827789,11502.844997674896,10189.074148332911,5793.575377898122,5304.720307534088,5536.079086878704,5579.615087885339,4837.766673313347,4622.735929236034,6112.59406575511,4228.696101783784,4473.765509405605,6982.513242026901,4826.0188081282595,5831.810955628074,2900.939626539393,5340.175575137737,2772.712160485963,5954.9353336923305,3650.5262096516844,2493.2221624766885,1088.0136387755265,6707.6299554026555,2979.6006872875937,7443.634658674705,0.0,5201.243439795921,8362.323927437166,1493.2338372408226,2898.3868670598686,1568.8815844295514,9257.825122821612,6123.757573843586,10095.902754470811,2358.274300881333,3368.851534855128,4912.0629584923445,7086.245010289016,9785.364879594179,4483.909115885453,7072.60933831199,9594.10526706429,5464.736755722017,7549.423677463037,6321.652060101491,9477.254994091778,6856.944922842923,8825.762951268407,8196.74273097224,4882.988985055045,7312.326496856558,33234.17933907811
14318.09925676402,16444.523366658992,14553.560148062901,17669.970974750984,14709.961690460957,17772.74669655284,14614.953867021786,18031.59895298386,18095.64900146872,14511.42637784017,18296.391602874137,14525.232234580128,18798.11893148621,15278.019923084894,18690.149634040656,13917.52504943252,16170.38907853897,18654.8354560948,12891.856828768674,11796.793712049903,18618.208105727983,17068.48776391443,15427.729871210931,13681.249188208538,8314.037348431708,7368.754029028499,8841.812265713248,9526.070138470706,6185.527694684479,5084.411788552026,10658.127240753758,6941.605896608361,8753.496689344305,11863.715046868529,3700.5454250190746,10669.00089465596,6661.534264029479,2749.4268484406875,4803.769734469875,2035.7530902037138,2669.351330006603,7475.462456943695,5163.119395802609,1794.1386195240716,2288.451340546383,2257.1483605496514,5201.243439795921,0.0,3184.180059447918,6495.402713216576,2697.891261408207,5981.875996359407,4168.850500451848,1638.222882810295,5099.926480095692,4974.463634145034,4420.301498225531,3040.016459173424,3203.63692487095,5115.53779696521,4614.958004680194,4079.491874594192,5532.379014352888,5379.573175182086,5123.069806404872,5867.085235564144,6122.6804365140715,6841.161867948981,6353.840472508054,6876.4152478998085,7841.17497615975,6402.018115200706,38113.35258688837
17501.437819296636,19614.103066306205,17722.378995202173,20825.776613895017,17844.62628202019,20894.21071425877,17696.144882544733,21113.77269000174,21123.805317250662,17499.689957717826,21272.660865365968,17429.50591546393,21719.868773394785,18086.71156759061,21534.237327813342,16571.384360024684,18844.58358703238,21410.811321614627,15322.48380152466,13924.836077127455,21273.64051219343,19643.26507097332,17890.2700361675,15991.95090951854,11077.48881598529,10088.621592288255,11767.070108464202,12562.04450874529,8849.406827018962,7683.189016623066,13783.57809076855,9855.00318981328,11863.209388007504,15031.639348331146,6131.543048319201,13835.49582046884,9763.756663627919,4898.259197123713,7832.946585912836,3693.0392261042102,5620.638870195485,10659.50578172174,8344.074746687675,2349.8438992970227,5472.066642955304,1208.0680098821765,8362.323927437166,3184.180059447918,0.0,9595.272342678458,5666.180112035188,9002.518514249794,1141.833095944827,2590.3861362811676,2157.662836452044,7790.503469960059,6945.9507645324675,4900.884401834616,3119.502317593709,2755.0801618339683,6701.1253000819615,4363.320664772198,3954.1688404658626,7090.246698739892,5402.71670779996,7228.361391479985,5184.386538144285,8187.120661671155,6171.47908734349,7423.683599644005,10742.448764106639,7340.097265367069,40960.95865001801
8200.46297097001,10114.686225695785,8230.938607102169,11269.18157628395,8257.98497780516,11299.242667578997,8119.551160299004,11536.387220158696,11618.019876795539,8083.627748938756,11863.807741864211,8225.988799879193,12428.937318705934,9144.40190325244,12436.91985000306,8184.187183054049,10291.387477073646,12554.05111119419,7824.043338074355,7728.264740432132,12709.889295340643,11373.55370550812,10068.733644518174,8847.139763261948,6579.960904487227,6276.597024930276,6048.964345347474,5767.8654516439465,6028.388375838195,5980.468227457145,5856.542800290699,5132.511708743694,4575.465958608641,6378.89829887973,6304.217650291179,5332.310076088423,3622.8771617691773,6831.103966740761,4112.622566913045,7411.402242266089,5139.839465351034,2253.8084087679604,2362.247714754397,8091.590826845531,4372.500892411802,8752.487329846557,1493.2338372408226,6495.402713216576,9595.272342678458,0.0,3954.4183644439017,888.2585630148121,10419.514907200364,7215.736511340428,11199.222756597122,2440.7606652973654,3655.359817107314,5630.375648235117,7970.03218265369,10767.036140973954,4722.761042034082,7743.784347804939,10393.116021439106,5555.477871361135,8032.512422565972,6391.103765919137,10082.109792166468,6724.996787436221,9225.27386322928,8321.666021898393,5610.910043690509,7399.512192111863,31775.284384509385
12051.66815577166,14051.75667009666,12162.898785634894,15221.777235179601,12211.598616165385,15245.187198783298,12031.370182836687,15448.521455689697,15463.980990703689,11854.078413052028,15635.098772533058,11837.965898875633,16117.29088071727,12580.230282993465,15995.052270487942,11236.50943686447,13482.792816633526,15957.602580427669,10285.95685647464,9357.57104874332,15931.637088495954,14400.37929294756,12797.618852071606,11123.109688680162,7630.9731096482765,6857.193281302968,7771.112895502535,8125.31733600026,5927.8946378874725,5142.033976166674,8908.997211834088,6056.2843963852365,7137.081114175207,9870.559230196046,4406.020610061038,8707.826268326507,5212.935420913371,4178.606176701615,3904.8316639778873,4193.057646026137,2836.962352425207,5376.992955696478,3314.4615109407255,4452.940006362661,1466.4593247882885,4914.98160683196,2898.3868670598686,2697.891261408207,5666.180112035188,3954.4183644439017,0.0,3337.194787242913,6465.293026818107,3267.045627265505,7253.200442156566,2292.304824181369,2016.8617771008437,2213.26179056808,4198.516587233495,6891.036121935889,2708.9352676580697,4316.019093901601,6723.900688959895,3725.323310512587,4974.742489389578,4478.8563187161835,6729.25409683993,5304.922215466769,6302.424212782836,6084.0943111545985,6900.251500808231,5328.236679456455,35421.2512039365
9012.133983260293,10855.737488406767,8983.287675096093,11971.337952425643,8932.486350771174,11938.530062654525,8701.30129630094,12116.587323960921,12128.315598304054,8529.947066235613,12314.603084551227,8566.665524526317,12824.62659078504,9391.85340177,12757.356858964484,8251.348014474093,10430.615326217605,12796.796076110011,7669.180007318582,7329.7644558732945,12871.566754000989,11450.589224758987,10027.438974247536,8645.594755442651,7187.35328219209,6787.580083724508,6762.218011320083,6572.859503908108,6393.430776112258,6186.404618073073,6734.453665074056,5673.090622869289,5391.019990769771,7263.289012035107,6289.117261146203,6220.568637985257,4227.8360125941435,6657.597633465505,4341.348719660128,7103.6695200024815,4974.661633151231,3097.5143658132606,2636.1577513546254,7656.5622926484475,4012.0081144595547,8229.538740508744,1568.8815844295514,5981.875996359407,9002.518514249794,888.2585630148121,3337.194787242913,0.0,9773.120944026552,6550.179792663107,10515.015592393738,1569.5405429988532,2787.576445536147,4829.0184545039165,7202.871354489256,10025.17025905369,3840.838370789457,6913.621224128007,9586.897357857299,4667.350746159584,7165.582998433949,5504.027007153377,9230.16201925632,5855.105976935608,8346.366600226009,7434.127627161957,6238.1109384524125,6512.621236462849,32156.91549989277
18432.213789764544,20498.269147588762,18606.965120339424,21683.658307218782,18676.858922142823,21706.145180064363,18472.216547177602,21884.37272067027,21846.880555319847,18200.605424532932,21955.228663931288,18073.005229515642,22362.777917310585,18668.650996559314,22126.854917212087,17074.01657685591,19347.39585863876,21950.634703380092,15722.146634345994,14201.33884013523,21757.340367655186,20090.149199571828,18289.05308467249,16331.0490186526,12203.976689836614,11217.759925094058,12872.00323681923,13640.193964284223,9980.840570121512,8816.35930336914,14821.539813388388,10959.36650622839,12909.873675568995,16029.441375027536,7268.207545609178,14835.605870214833,10812.751096657003,6038.174522435401,8906.10807826032,4834.408432892095,6702.311244068735,11615.108222524272,9320.06500125386,3491.407142079375,6444.878032959641,2349.104652347348,9257.825122821612,4168.850500451848,1141.833095944827,10419.514907200364,6465.293026818107,9773.120944026552,0.0,3226.466554074261,1015.8299391702437,8466.583560908712,7519.378742246023,5359.512578897277,3201.0394872878933,1799.4823185816297,7118.906561460885,4344.725304323681,3225.9294656566453,7354.145714487338,5266.235110590974,7359.903330559113,4605.16221927459,8273.202099309177,5806.532173358458,7253.850123644366,11850.375479442984,7314.32807607828,41529.268852812
15303.695871699498,17318.801872419317,15429.869695462767,18484.91626108541,15466.61952837571,18487.233555300205,15246.846607776233,18658.26040365813,18623.501274806542,14981.337198201143,18742.34823237685,14875.470871850892,19166.75746908119,15508.770887092809,18960.410328316237,13981.097925891523,16254.410731907732,18824.412132912075,12745.895520313263,11405.51316681194,18683.275590317528,17055.451038731746,15312.144875412923,13435.973625322717,9875.220941340478,8949.18065267673,10327.397922473681,10924.177334915881,7787.669427972771,6705.628283835354,11933.198671684384,8449.847075416796,10069.329249264378,13024.472197151403,5338.765159779977,11842.293720936497,8011.603784029132,4353.4687253202965,6264.677731554485,3468.75433607464,4235.882918916449,8551.943692731613,6326.22166567441,2647.1430384692076,3533.979884604728,2310.80224844358,6123.757573843586,1638.222882810295,2590.3861362811676,7215.736511340428,3267.045627265505,6550.179792663107,3226.466554074261,0.0,3986.1577065274223,5248.689620819192,4358.763820068906,2342.4121586439965,1574.9585399526056,3712.4788139909356,4141.314513429992,2579.2616022544585,3926.5436502415373,4636.57226178818,3673.280556055898,4917.224404469573,4489.162861538194,5903.874589772179,4822.29780843801,5571.28038115409,9347.72936941244,5247.825477577588,38382.23099504372
19278.88692156143,21304.951346601723,19415.999330166826,22467.578961439438,19443.130948864917,22452.041557330205,19192.789947790076,22595.747646675092,22518.686867582677,18859.76714348568,22592.99778658218,18684.873325755765,22966.660175431665,19227.890483107058,22688.675300691015,17570.78710515067,19838.54506580506,22468.050074584073,16136.620931467214,14517.74049054584,22227.389555252583,20532.1890019859,18694.578346438284,16691.88949283183,13208.24413194652,12224.165154600187,13859.838137462748,14607.247345380127,10989.126235090585,9826.07814395219,15756.713269450584,11947.590873282079,13853.367537253647,16932.050096083683,8280.567533163568,15741.186190275817,11760.231795898117,7052.7805254641535,9873.549305637613,5849.959572640428,7679.051479154279,12491.144154989926,10216.897604579988,4507.099567884948,7350.951143130812,3364.663690338806,10095.902754470811,5099.926480095692,2157.662836452044,11199.222756597122,7253.200442156566,10515.015592393738,1015.8299391702437,3986.1577065274223,0.0,9145.580664287972,8130.280340893696,5924.057815389,3590.4797613552505,1247.3192622315687,7615.514411102459,4573.4951192647595,2818.1292148150583,7723.6168013982115,5349.805805807034,7619.35590657456,4283.38751009991,8478.440761588185,5657.633276895574,7251.197387802504,12840.848987200516,7439.253759415085,42053.730184547334
10566.144761572174,12357.308843328152,10497.525010135758,13435.833446736999,10379.67809927045,13339.902616871295,10056.835929841736,13452.596337070325,13382.29176048353,9734.104220186144,13493.824198465769,9639.110826086653,13929.368297707359,10327.75762375502,13760.622667126347,8945.946502250845,11196.080810452875,13689.810078298335,8020.267782518679,7237.131234818799,13644.197268285825,12108.083928920645,10516.023911277905,8888.421482672038,8123.214390825351,7567.440681717478,7893.222966019817,7878.031980828764,6939.682741606011,6471.735454549261,8208.982562276195,6538.761931633453,6731.4421587524575,8816.774868925913,6185.116694360971,7752.516707720996,5258.7433711044,6252.733949439808,4783.443925047057,6437.510111028529,4682.5415228415995,4529.957379272923,3365.793568781546,6743.2094449662245,3439.0227903814202,7148.003540710788,2358.274300881333,4974.463634145034,7790.503469960059,2440.7606652973654,2292.304824181369,1569.5405429988532,8466.583560908712,5248.689620819192,9145.580664287972,0.0,1218.0402277914002,3324.8643498491692,5730.188295346552,8574.706771129082,2288.0751733548145,5364.076562498065,8057.2977305639415,3178.720713291149,5596.20171655812,4031.9223815602513,7663.474370293101,4506.428649945552,6785.094048865872,5945.910443687845,7230.463310603329,5037.2832829954805,33191.95931056342
11775.46867532815,13534.306204692704,11683.650864784786,14588.76384463194,11526.253225265666,14452.97540863568,11149.385229277746,14523.630316160103,14400.442984214362,10736.201286588184,14462.717835562064,10560.167895219998,14847.279066454965,11155.654285602335,14611.108723161615,9631.291560398466,11902.77565987541,14465.684540621865,8488.853097543544,7401.810762067835,14337.290028285595,12732.403232707013,11038.825402181144,9261.65366489568,8969.31943376088,8324.404490649538,8861.0303297742,8947.68895448325,7559.959473551849,6930.237011565004,9373.393441491418,7369.599095804942,7828.840421341389,10025.303652951437,6371.09423505249,8949.628584493694,6213.596380082159,6195.334702091231,5419.407803187865,6146.857395186972,4805.392608593016,5690.490571498668,4254.4369318424215,6213.638390296654,3446.698020342339,6444.7427537316335,3368.851534855128,4420.301498225531,6945.9507645324675,3655.359817107314,2016.8617771008437,2787.576445536147,7519.378742246023,4358.763820068906,8130.280340893696,1218.0402277914002,0.0,2218.6179566183278,4629.30440786902,7480.232483310186,1117.578094459957,4170.874622192459,6881.4295318212435,2108.5691162878566,4378.462712417079,2961.729967051862,6448.273468659818,3589.0404422238603,5577.27758174116,4828.5180042927395,8124.186808129402,3944.957212397705,34026.530420584604
13829.425088337337,15674.892916625133,13808.467902995124,16760.670521339824,13704.210019957067,16654.211205113013,13358.363342031394,16738.874460997115,16618.58942090776,12953.605343375302,16673.578521941134,12760.966987154594,17042.850271365936,13317.819792460949,16777.90121128029,11717.38536585077,13991.346276417169,16591.140219762794,10422.311404187452,9064.606443722561,16407.398490679927,14756.884723804193,12990.50091237992,11097.072959943396,9822.162109039,9018.961556587512,9984.353379709699,10316.081045361836,8026.154923808702,7135.111701291833,11016.257900614004,8258.155671154193,9297.672484423401,11864.888820971826,6125.363901309089,10732.600991027812,7416.424537464109,5523.236252551807,6083.250929543178,5053.276717397626,4644.467625366757,7397.616412943702,5489.496422196906,4686.1940038090215,3397.0929695912205,4614.793279810663,4912.0629584923445,3040.016459173424,4900.884401834616,5630.375648235117,2213.26179056808,4829.0184545039165,5359.512578897277,2342.4121586439965,5924.057815389,3324.8643498491692,2218.6179566183278,0.0,2414.0473045026074,5265.007664130532,1801.6498237161454,2160.556010678449,4762.847756169507,2368.2420802401543,2763.4313129369425,2830.8619446255034,4568.830489022571,3801.330935737255,4093.804779750864,4064.616570507263,9109.366073167545,3448.6592672499546,36170.949686352535
16163.292926068576,18058.596045731894,16184.913810664055,19160.694465504894,16108.123150559835,19066.5390473963,15772.329366197906,19152.268675478692,19023.040218326005,15356.147331199818,19062.60600082986,15137.834817959822,19410.01668265685,15650.465327205966,19110.678320943083,13980.45545264561,16248.067839566682,18878.984524172833,12560.55973410332,11002.454577937862,18638.452010401183,16948.449085839446,15123.11473186498,13143.904651026085,11322.453538025367,10420.308565939506,11695.741334643057,12204.855131195582,9286.772356476935,8230.884683994653,13090.956303787947,9850.74765296469,11280.40707416119,14066.662778117427,6899.578147882889,12906.204335423738,9275.575535790607,5928.392177683986,7644.531406060643,5017.143486110027,5724.8553905470335,9573.308021187278,7470.498254982606,4060.6559889407013,4850.790404241196,3410.821052077596,7086.245010289016,3203.63692487095,3119.502317593709,7970.03218265369,4198.516587233495,7202.871354489256,3201.0394872878933,1574.9585399526056,3590.4797613552505,5730.188295346552,4629.30440786902,2414.0473045026074,0.0,2851.1974322971046,4030.9410820654775,1251.1777879542874,2542.463363101679,4162.635406454443,2331.212730973378,4168.56189844971,2919.4279182006394,5101.929416993659,3327.873551119055,4339.547520895402,10741.719539319243,4220.889574914986,38464.43963516741
18934.30884856175,20875.57831753154,18995.968298438533,21994.0728842345,18946.335179522528,21914.077722309834,18622.672753021605,22003.457052648017,21869.11174966586,18201.34737418063,21897.22727719392,17964.815175746506,22227.11201932956,18443.05877733363,21899.587127399143,16721.91663551979,18978.326430089353,21630.258673864413,15211.389537412395,13514.085638332124,21341.492538795577,19622.250816190728,17754.773851292997,15718.115468832288,13408.06744572762,12446.258114579623,13956.727166021941,14609.68972880727,11235.380431932052,10094.917478320773,15645.440822591832,12057.045068033767,13777.016846637121,16725.116690261326,8594.471593428008,15546.717903274737,11709.875433950896,7418.660045844331,9909.578202943108,6262.7661789076865,7779.748381199931,12241.975054942894,10037.014920981037,4959.627874814279,7235.872891286103,3856.705322549229,9785.364879594179,5115.53779696521,2755.0801618339683,10767.036140973954,6891.036121935889,10025.17025905369,1799.4823185816297,3712.4788139909356,1247.3192622315687,8574.706771129082,7480.232483310186,5265.007664130532,2851.1974322971046,0.0,6835.527851301135,3610.261752969793,1570.858997609329,6811.574309399188,4252.639354717194,6613.737329348692,3038.087039851976,7423.38736018231,4442.348730258142,6083.207002107753,12956.55395837317,6339.977404528951,41205.878726997486
12758.45454010239,14437.87352243206,12608.835430281051,15447.034186252986,12381.104844116378,15248.60876890576,11926.144934550239,15259.500415210778,15067.475915113731,11399.895918886888,15068.846792723574,11131.257470555804,15391.763659354488,11620.19293319666,15080.106594392804,9962.863729790886,12234.341480639814,14854.008377595686,8625.535617618127,7277.455859226793,14639.064150341834,12973.91020166885,11194.162721614759,9295.610428314052,10027.087986843815,9348.988334803971,9957.816457673596,10063.446436085651,8526.990095739524,7819.918551970118,10482.994470565876,8427.039086191306,8946.377236082508,11101.57065357509,7105.9312009179885,10040.558583976199,7311.929848019206,6761.950696880352,6414.356586206583,6523.066818420375,5540.1942294468245,6800.126697563917,5345.591147651929,6358.689316579468,4172.065485388675,6390.2559671693225,4483.909115885453,4614.958004680194,6701.1253000819615,4722.761042034082,2708.9352676580697,3840.838370789457,7118.906561460885,4141.314513429992,7615.514411102459,2288.0751733548145,1117.578094459957,1801.6498237161454,4030.9410820654775,6835.527851301135,0.0,3337.145937727159,6061.955069794566,1045.4695364391807,3365.9402834547764,1874.196011517204,5480.771048746687,2607.9419863057187,4506.973031057196,3712.9336710675398,9200.668483570807,2838.1845201691017,34439.57585592835
15925.476522417559,17704.62372541045,15854.283619639356,18747.95003870824,15682.972807731785,18576.610813749427,15257.586060604392,18596.50714192997,18398.508266638437,14732.28981263074,18382.26135466382,14436.995879544504,18676.484630695213,14867.443162308193,18318.27761754737,13119.234693671831,15371.893538404333,18028.76175035798,11603.214578689523,9944.827571554879,17731.424784017912,16012.642942543958,14150.538460195487,12127.840573620742,11805.094107797142,10952.380787085327,12053.470604190212,12441.336403241396,9882.821327815172,8894.522692097165,13174.807845617672,10274.137763993678,11442.39649988631,14019.496095795037,7680.27022055735,12891.22627980668,9526.166254651023,6825.438214642229,8070.9278925698645,6031.220610357728,6358.2645626171325,9557.477346168602,7624.572016280937,5199.8233932227995,5287.774743404652,4637.203242961093,7072.60933831199,4079.491874594192,4363.320664772198,7743.784347804939,4316.019093901601,6913.621224128007,4344.725304323681,2579.2616022544585,4573.4951192647595,5364.076562498065,4170.874622192459,2160.556010678449,1251.1777879542874,3610.261752969793,3337.145937727159,0.0,2727.2781603189733,3202.7539891849488,1106.1551205102855,3046.925405141423,2415.4031357973463,3932.3665861472814,2274.8556806431498,3092.560807801112,11145.431173809122,2988.711232909865,37599.20059386426
18592.155730276587,20412.510775992214,18554.819701042492,21468.27957751271,18404.259247082773,21303.77689955073,17984.82705372078,21320.91990322352,21110.861615886934,17447.05595823198,21077.122560385847,17128.063817950682,21347.201937083584,17515.58195807125,20953.93549533528,15713.769026331463,17945.201251439237,20619.421524606063,14103.060748472015,12301.1227137049,20265.93793303136,18518.504583745147,16615.48372521608,14538.392335972043,13798.952503235456,12875.700021103687,14215.980307992157,14745.001765603569,11710.965733497043,10616.787414699436,15627.645003368605,12355.658464005992,13822.530659504282,16576.089198417387,9201.008741721464,15423.646250529951,11816.206725607952,8116.274316855363,10156.570065882914,7052.212104916084,8162.416598040541,12086.374753839405,10010.355045996355,5852.8932245610395,7375.6881457969685,4863.497551039406,9594.10526706429,5532.379014352888,3954.1688404658626,10393.116021439106,6723.900688959895,9586.897357857299,3225.9294656566453,3926.5436502415373,2818.1292148150583,8057.2977305639415,6881.4295318212435,4762.847756169507,2542.463363101679,1570.858997609329,6061.955069794566,2727.2781603189733,0.0,5826.309320151887,3026.5391367158686,5476.07607483088,1472.2636300487707,6184.50602410125,2943.14339519453,4661.802409804652,13250.633181414849,5042.451007367601,40153.652244241726
13413.932945369073,14980.177267565712,13185.890673320124,15928.79406394797,12870.710312165382,15655.368290754217,12326.35231156707,15597.125873314119,15329.21474026481,11678.519030482108,15264.873232485676,11314.38843950465,15521.521413602926,11690.838643903859,15133.913804650423,9918.645317138684,12169.34047356841,14828.411304892823,8414.649962168542,6852.238853311957,14530.411028129116,12817.649632132201,10970.974444554602,8981.274310424327,11063.300224799921,10392.543926481272,10969.467322839966,11035.287554628194,9571.67141960305,8854.273685064818,11380.743528573072,9463.049104549893,9901.464484196847,11914.608756783218,8098.358722228755,10887.447376360502,8321.973498211255,7688.549994543116,7459.670948681931,7356.316632159252,6539.616183691441,7706.359106159754,6362.482324561105,7054.170194230646,5178.196312286172,6942.6084509523935,5464.736755722017,5379.573175182086,7090.246698739892,5555.477871361135,3725.323310512587,4667.350746159584,7354.145714487338,4636.57226178818,7723.6168013982115,3178.720713291149,2108.5691162878566,2368.2420802401543,4162.635406454443,6811.574309399188,1045.4695364391807,3202.7539891849488,5826.309320151887,0.0,2888.768178486854,857.2416963867579,5016.585496449047,1580.3965338370883,3831.2197911322714,2770.3380026842974,10228.353512406,1858.6576731744415,34396.49829409165
16123.337304600293,17789.264023269385,15968.736511435876,18773.626822929727,15709.951998679127,18528.83176186179,15199.970306123238,18483.722506776034,18216.714278340587,14567.254208463883,18142.41833318945,14192.389057432023,18378.925609422615,14530.452846962471,17957.296429396763,12701.557484966213,14925.506501996233,17603.204548921236,11076.529955745911,9293.069458943688,17240.12915250916,15491.97956639856,13590.941106149245,11520.69401447045,12580.588981061594,11764.06823088769,12743.861442768162,13043.11420765737,10739.820275940347,9796.600281781093,13656.518520595218,11020.6223565179,11996.054638533493,14390.848050523453,8651.260466645503,13296.134310983018,10161.490549310773,7853.606031865578,8839.718528358648,7105.009789602181,7267.278502532755,9992.340279058217,8216.033455961322,6303.418448915314,6108.8498344962145,5736.054674560464,7549.423677463037,5123.069806404872,5402.71670779996,8032.512422565972,4974.742489389578,7165.582998433949,5266.235110590974,3673.280556055898,5349.805805807034,5596.20171655812,4378.462712417079,2763.4313129369425,2331.212730973378,4252.639354717194,3365.9402834547764,1106.1551205102855,3026.5391367158686,2888.768178486854,0.0,2452.7883713223346,2136.3492718134057,3180.5564686377584,1332.8315798220547,2020.9675451380424,11872.78742558368,2091.2846496661823,37128.305564553615
14166.685819472415,15672.728920230076,13899.88090714016,16586.089747252383,13538.284212796887,16269.081679685783,12944.02512176999,16168.446012325732,15852.491192993411,12223.916106829185,15744.568164346969,11799.20031768844,15954.892560239681,12096.36884019661,15514.22757184514,10251.08285942228,12472.747611875673,15150.994280441584,8630.730388758564,6904.161619251873,14790.295459209725,13046.870605321094,11156.047001088526,9105.277650566544,11901.059236954205,11216.437368504769,11822.27188708851,11892.478826417893,10371.139589160264,9620.771260668995,12227.071795790964,10301.082877304376,10757.780869977983,12735.285805679163,8797.366686837424,11720.075384762204,9175.00805431681,8310.052658757677,8274.708461798593,7884.115325002318,7253.5812851010805,8556.188488426402,7212.951318856583,7456.930903734753,5907.820465365609,7221.488016286205,6321.652060101491,5867.085235564144,7228.361391479985,6391.103765919137,4478.8563187161835,5504.027007153377,7359.903330559113,4917.224404469573,7619.35590657456,4031.9223815602513,2961.729967051862,2830.8619446255034,4168.56189844971,6613.737329348692,1874.196011517204,3046.925405141423,5476.07607483088,857.2416963867579,2452.7883713223346,0.0,4499.872312041227,988.3894656790372,3172.6351669742944,1931.887680677031,11073.73610980004,1008.8200348674837,34677.627393051516
18220.58966747637,19916.50206553387,18089.589287615352,20908.217806000823,17843.97438732595,20664.66281900915,17335.702937167713,20613.59304848666,20332.96581242432,16689.710437206122,20241.1049840905,16293.514324127627,20454.090300441625,16592.35205173641,20000.482958704804,14722.117173730554,16919.79735506867,19606.05927068345,13023.195689345026,11129.24693665598,19193.31649237323,17424.68346223983,15494.65487894709,13387.418028208473,14153.727247166926,13276.342209943426,14445.308333584931,14853.917591445921,12168.887669148256,11133.281137280555,15584.859818911596,12643.937814814033,13857.792412699937,16401.540949316135,9818.715915955005,15283.64795071483,11935.481382962618,8836.670249868552,10435.224505186628,7877.296486138614,8612.052368661223,11955.546698675817,10039.663613765963,6798.919519754987,7636.789916525228,5931.1797506020885,9477.254994091778,6122.6804365140715,5184.386538144285,10082.109792166468,6729.25409683993,9230.16201925632,4605.16221927459,4489.162861538194,4283.38751009991,7663.474370293101,6448.273468659818,4568.830489022571,2919.4279182006394,3038.087039851976,5480.771048746687,2415.4031357973463,1472.2636300487707,5016.585496449047,2136.3492718134057,4499.872312041227,0.0,5060.798859411531,1566.5027165845331,3348.4923463099294,13523.069684254391,3881.5126436903133,39075.07171765511
14199.160966835578,15573.777905405672,13849.090080592568,16420.2547073526,13400.81670789994,16031.78342335007,12725.10309522748,15867.009939100852,15484.715853504758,11900.706535721512,15320.54043832674,11397.458335890236,15474.16263680696,11597.855689874812,14975.011590598775,9683.72996643467,11864.55264869065,14552.695072861448,7962.58850690441,6117.072824775103,14132.959705885563,12367.238874440187,10445.669013686867,8355.92176578762,12551.972954810688,11913.03507418423,12391.756696864379,12373.042787309463,11124.400342566292,10427.7312094803,12580.484391075954,10953.459613741512,11212.473280840306,12966.925272488339,9676.367953031899,12003.696526643003,9749.139676622883,9240.05982519853,8997.855991343093,8850.412223219251,8119.250210069319,8949.974104830564,7813.985771601353,8443.835699476916,6758.559413011026,8206.024255039532,6856.944922842923,6841.161867948981,8187.120661671155,6724.996787436221,5304.922215466769,5855.105976935608,8273.202099309177,5903.874589772179,8478.440761588185,4506.428649945552,3589.0404422238603,3801.330935737255,5101.929416993659,7423.38736018231,2607.9419863057187,3932.3665861472814,6184.50602410125,1580.3965338370883,3180.5564686377584,988.3894656790372,5060.798859411531,0.0,3586.8593072702038,1958.816633425927,11692.574328026692,1182.704350605436,34016.96805644136
17228.533790557485,18810.259733983632,17016.759575120293,19746.22586500429,16692.684702600087,19441.021742781868,16115.170748501918,19338.48758584658,19007.5239116875,15389.150318275451,18875.899791025546,14938.961481747918,19051.352007434863,15178.096720193844,18561.65823863103,13270.495911395785,15444.925872750271,18134.084450481114,11526.682914204164,9594.11335059679,17691.807233718722,15914.989612402274,13974.94204163848,11857.49189394735,13913.160553520454,13096.467425842873,14067.851240364773,14347.220278179066,12067.847435437205,11114.892073272234,14918.792628944264,12351.903181111631,13286.970479078165,15601.383732056973,9941.142898761105,14525.406399292935,11476.83753009283,9100.293878037532,10172.41868469233,8289.172484111612,8581.929315243917,11243.582437328165,9524.258913072472,7387.859205789299,7439.013836417457,6695.674840354388,8825.762951268407,6353.840472508054,6171.47908734349,9225.27386322928,6302.424212782836,8346.366600226009,5806.532173358458,4822.29780843801,5657.633276895574,6785.094048865872,5577.27758174116,4093.804779750864,3327.873551119055,4442.348730258142,4506.973031057196,2274.8556806431498,2943.14339519453,3831.2197911322714,1332.8315798220547,3172.6351669742944,1566.5027165845331,3586.8593072702038,0.0,1786.7521261521958,13202.132079297833,2407.1217435537237,37562.5794747403
16052.806021027944,17492.72441408474,15746.837279243717,18360.914808250014,15331.991916165132,17986.26564013018,14675.856966657955,17825.820074272575,17439.430861854053,13859.420928147369,17264.393578841144,13348.547911125237,17399.27374977288,13520.114730803212,16872.561939007777,11575.676457540734,13722.640782237355,16412.21100549499,9787.461719528961,7820.4469344647905,15942.521625286443,14159.342812514056,12211.613323269004,10086.73596635851,13660.830330920699,12927.888359500683,13653.193168398304,13776.102352339212,12009.688701194898,11172.476507448546,14150.990763345293,12066.348333321099,12654.572937995075,14666.346079929637,10188.41794056085,13651.61543948154,11011.801668878772,9528.779671373177,9972.564754148554,8903.90494344914,8704.935053977775,10475.381090854493,9041.176309464416,8218.402016176475,7422.869590267288,7724.736853671651,8196.74273097224,6876.4152478998085,7423.683599644005,8321.666021898393,6084.0943111545985,7434.127627161957,7253.850123644366,5571.28038115409,7251.197387802504,5945.910443687845,4828.5180042927395,4064.616570507263,4339.547520895402,6083.207002107753,3712.9336710675398,3092.560807801112,4661.802409804652,2770.3380026842974,2020.9675451380424,1931.887680677031,3348.4923463099294,1958.816633425927,1786.7521261521958,0.0,12867.368274312945,928.6757273240472,35800.34996613253
8511.816014297405,10955.296890024736,9287.92000801731,12353.49938264677,10045.84584217579,12937.705930353774,10613.210675292978,13601.239880437479,14143.07112837864,11355.159041882,14722.998177900245,11965.599405117626,15548.114489752748,13172.111644786693,15929.082251343509,12868.465965010866,14632.486834284337,16384.634451357404,13032.122492476597,13266.13566482898,16855.290865246207,15868.54099327307,14952.385625525056,14110.111071342184,980.5178719908565,1223.6804278261252,1030.812595884727,2118.1404226834375,2191.755896354106,3262.2392524213587,3817.675265183245,899.6835573863974,2251.1306749070754,5478.538297904153,4775.263566851831,4476.756076032509,2010.557394197019,6008.16340851736,3097.246682841029,7188.91692448241,5180.744509611971,3738.122251616011,3878.8910425240447,8471.67434099609,5896.540224993113,9562.770916016885,4882.988985055045,7841.17497615975,10742.448764106639,5610.910043690509,6900.251500808231,6238.1109384524125,11850.375479442984,9347.72936941244,12840.848987200516,7230.463310603329,8124.186808129402,9109.366073167545,10741.719539319243,12956.55395837317,9200.668483570807,11145.431173809122,13250.633181414849,10228.353512406,11872.78742558368,11073.73610980004,13523.069684254391,11692.574328026692,13202.132079297833,12867.368274312945,0.0,12029.882160986626,34398.44465911451
15131.862242079875,16592.992504720838,14837.770196202466,17477.43866592385,14440.96630935643,17124.219108021804,13807.055602524846,16986.817890790888,16628.16318022022,13026.756907723784,16480.16828573845,12549.292367697151,16646.186529654628,12771.84109594439,16155.020669135456,10865.139673126088,13047.196345601165,15735.392143703006,9142.184533117146,7267.899003291318,15311.997910309941,13543.440818435729,11616.463426400587,9517.334143441329,12841.746446458252,12133.612805305402,12795.648459795122,12888.142776321502,11251.785686045163,10456.79262121974,13235.606342989651,11243.493434376278,11758.3005811196,13739.013162353636,9549.170281229108,12727.613718829047,10150.065559471204,8970.29303886817,9182.425712404536,8437.526432314471,8032.457985163494,9563.694962397294,8182.954772770101,7870.727779251078,6715.434399815911,7496.279231647966,7312.326496856558,6402.018115200706,7340.097265367069,7399.512192111863,5328.236679456455,6512.621236462849,7314.32807607828,5247.825477577588,7439.253759415085,5037.2832829954805,3944.957212397705,3448.6592672499546,4220.889574914986,6339.977404528951,2838.1845201691017,2988.711232909865,5042.451007367601,1858.6576731744415,2091.2846496661823,1008.8200348674837,3881.5126436903133,1182.704350605436,2407.1217435537237,928.6757273240472,12029.882160986626,0.0,35193.782281449414
26041.392285276695,23619.12876520457,25133.208743195773,22221.09051776971,24367.535105758983,21484.170754966774,23971.314771931156,20800.81591972292,20360.557544343254,23704.170390644278,19956.23692470007,23591.494439113325,19346.371950250374,22874.26603432287,19431.33695443488,24487.05755462543,22227.57413364889,19585.709980071013,26057.336047114793,27986.293256083107,19888.641177346144,21650.389022652955,23588.854756405308,25717.890757730824,35057.024961142626,35618.89886908337,33781.66687399635,32500.54515125549,36276.516990184275,36884.13659427391,30749.976696502203,34742.705395195124,32160.905658311178,29069.29909656523,37770.102273815995,29939.18695927475,33591.543480885426,38524.59137924726,35269.35082073584,39185.37536287333,36859.441595551805,31727.496095513856,33787.892447439765,39813.39060141699,36135.06674028161,40331.188226521765,33234.17933907811,38113.35258688837,40960.95865001801,31775.284384509385,35421.2512039365,32156.91549989277,41529.268852812,38382.23099504372,42053.730184547334,33191.95931056342,34026.530420584604,36170.949686352535,38464.43963516741,41205.878726997486,34439.57585592835,37599.20059386426,40153.652244241726,34396.49829409165,37128.305564553615,34677.627393051516,39075.07171765511,34016.96805644136,37562.5794747403,35800.34996613253,34398.44465911451,35193.782281449414,0.0
